"player","position","team","playerId","birthdate","points","lower","upper","sdPts","positionRank","dropoff","tier","exp","ecrPosition","sdRank","risk"
"49ers","DST","SF",100029,,0,0,0,,27,,19,46,,,
"A.J. Derby","TE","DEN",2552580,1991-09-20,0,0,0,0,81,0,25,1,,,3.44540175578131
"A.J. Green","WR","CIN",2495450,1988-07-31,20.3254166666667,16.7366666666667,21.2945,2.90677859589539,3,0.928541666666668,2,5,"3.1","1.0",4.42255388714204
"AJ McCarron","QB","CIN",2543497,1990-09-13,0.3015,0.1614,0.4734,0.210648997149286,33,0.0435,18,2,,,4.43433936496702
"Aaron Burbridge","WR","SF",2555362,1993-12-23,0,0,0,0,137,0,28,0,,,3.27119706995192
"Aaron Dobson","WR","FA",2539256,1991-07-23,0,0,0,0,137,0,28,3,,,3.27119706995192
"Aaron Murray","QB","FA",2543587,1990-11-10,0,0,0,0,50,0,25,2,,,4.19965985727146
"Aaron Ripkowski","RB","GB",2552477,1992-12-20,2.00708333333333,1.66,2.3285,0.374136969868285,75,0.073333333333333,25,1,"64.5","5.5",5.24337798142793
"Aaron Rodgers","QB","GB",2506363,1983-12-02,25.9375,24.688,27.423,1.54532898331283,1,0.909791666666667,1,11,"2.8","1.0",3.40616276927858
"Adam Humphries","WR","TB",2553895,1993-06-24,11.3804166666667,9.07666666666667,12.3665,1.86056461711074,40,0.351874999999998,10,1,"51.4","5.6",5.91765536931979
"Adam Thielen","WR","MIN",2541785,1990-08-22,7.84,6.99,8.4,0.869223791667025,64,0.0422916666666673,15,2,"57.4","6.4",5.34503239456762
"Adam Vinatieri","K","IND",2503471,1972-12-28,5.70952380952381,2.28,8.46285714285714,4.13231005547234,22,1.13516483516483,11,20,"2.3","2.0",7.57109831194876
"Adrian Peterson","RB","MIN",2507164,1985-03-21,0,0,0,0,105,0,32,9,,,3.78388194861086
"Ahmad Bradshaw","RB","FA",2495560,1986-03-19,0,0,0,0,105,0,32,9,,,3.78388194861086
"Albert Wilson","WR","KC",2550272,1992-07-12,6.02375,4.857,6.7155,1.0239740800756,76,0.255833333333333,17,2,"91.6","6.5",7.12705132619656
"Aldrick Robinson","WR","ATL",2495331,1988-09-24,3.16458333333333,2.36933333333333,3.6235,0.693946543730535,95,0.0725000000000002,20,5,"92.8","5.8",4.76567273170192
"Alex Collins","RB","SEA",2555430,1994-08-26,2.03416666666667,1.021,2.532,0.951129445565756,74,0.0568750000000002,25,0,"65.3","6.3",6.21668242945065
"Alex Erickson","WR","CIN",2556519,1992-11-06,0.73,0.65,0.834,0.12619429464124,122,0.0974999999999998,25,0,,,3.5483206491227
"Alex Henery","K","FA",2495162,1987-08-18,0,0,0,,26,0,12,5,,,
"Alex Smith","QB","KC",2506340,1984-05-07,22.2516666666667,21.255,23.715,1.33552736150681,9,0.222291666666663,6,11,"15.6","2.5",5.31911869368408
"Alex Smith","TE","WAS",2506410,1982-05-22,0,0,0,,81,0,25,11,,,
"Alex Tanney","QB","FA",2534870,1987-11-11,0,0,0,0,50,0,25,4,,,4.19965985727146
"Alfred Blue","RB","HOU",2543600,1991-04-27,5.99625,3.86,9.0655,3.22743028584662,45,0.139166666666666,17,2,"44.7","6.1",7.71431400146295
"Alfred Morris","RB","DAL",2533457,1988-12-12,4.35375,3.435,4.6915,0.709417307842617,56,0.186041666666666,20,4,"44.9","3.6",4.57727497288201
"Allen Hurns","WR","JAC",2550353,1991-11-21,13.015,11.152,15.59,2.64988679003462,28,0.191458333333333,8,2,,,9.09036753038719
"Allen Robinson","WR","JAC",2543509,1993-08-24,16.9758333333333,15.674,18.2283333333333,1.48708420892848,11,0.315625000000001,3,2,"16.4","5.0",7.50657970937788
"Alonzo Harris","RB","FA",2553533,1992-11-09,0,0,0,,105,0,32,1,,,
"Alshon Jeffery","WR","CHI",2533039,1990-02-14,13.9920833333333,11.263,15.9615,2.52517229885188,23,0.173333333333332,7,4,"21.4","5.7",6.71188109757262
"Amari Cooper","WR","OAK",2552487,1994-06-18,17.5554166666667,14.6216666666667,17.99925,2.37171589460505,6,0.23770833333333,3,1,"7.3","2.3",4.15747362750287
"Ameer Abdullah","RB","DET",2552374,1993-06-13,0,0,0,0,105,0,32,1,,,3.78388194861086
"Andre Caldwell","WR","DET",206,1985-04-15,0,0,0,0,137,0,29,8,,,3.27119706995192
"Andre Debose","WR","FA",2553453,,0,0,0,0,137,0,28,1,,,3.27119706995192
"Andre Ellington","RB","ARI",2539217,1989-02-03,4.55833333333333,3.05333333333333,5.532,1.36253032586027,53,0.147916666666666,20,3,"57.6","6.6",6.6521557198661
"Andre Holmes","WR","OAK",2495453,1988-06-16,3.93333333333333,2.39833333333333,5.405,1.7958671690548,89,0.168333333333334,19,5,"89.7","6.7",8.03907681762858
"Andre Johnson","WR","TEN",2505551,1981-07-11,5.47041666666667,4.021,6.7695,1.62170028228263,82,0.742291666666666,18,13,"73.3","7.2",6.49367480043407
"Andre Roberts","WR","DET",497320,1988-01-09,3.31,1.939,4.615,1.69747606757798,93,0.135208333333333,20,6,"96.2","5.5",5.67409945278598
"Andre Williams","RB","FA",2543565,1992-08-28,0,0,0,0,105,0,32,2,,,3.78388194861086
"Andrew Franks","K","MIA",2553648,1993-01-11,0,0,0,0,26,0,12,1,,,2.96111582434564
"Andrew Hawkins","WR","CLE",2508097,1986-03-10,6.965,5.97,7.46625,0.804421052165262,72,0.3775,16,5,"72.8","7.3",5.66078336737601
"Andrew Luck","QB","IND",2533031,1989-09-12,24.3375,23.418,25.401,1.11119680225122,4,0.940624999999997,3,4,"4.5","1.8",4.03425854055865
"Andrew Quarless","TE","FA",497258,1988-10-06,0.5325,0.1065,0.9585,0.753068721963673,65,0.02,21,6,,,5.18097885420483
"Andrew Turzilli","WR","FA",2553829,1991-10-13,0,0,0,,137,0,28,1,,,
"Andy Dalton","QB","CIN",2495143,1987-10-29,22.825,21.17,23.858,1.51461216157801,7,0.562291666666667,5,5,"10.1","2.7",5.99882556796578
"Andy Janovich","RB","DEN",2555432,1993-05-23,1.54,0.78,2.316,1.06784830383346,79,0.115,25,0,"71.5","9.3",7.41724718194194
"Anquan Boldin","WR","DET",2505587,1980-10-03,10.4520833333333,9.17533333333333,11.0405,1.05231259878211,44,0.0802083333333332,11,13,"42.6","5.0",7.0291989170523
"Anthony Dable","WR","FA",2555573,1988-09-25,0,0,0,,137,0,28,0,,,
"Anthony Dixon","RB","FA",497172,1987-09-24,0,0,0,0,105,0,32,6,,,3.78388194861086
"Anthony Fasano","TE","TEN",2495835,1984-04-20,3.42083333333333,0.883,6.51133333333333,3.21624738200006,36,0.217291666666667,14,10,"41.8","3.6",7.74741138599901
"Anthony McCoy","TE","FA",497250,1987-12-28,0,0,0,0,81,0,25,6,,,3.44540175578131
"Anthony Sherman","RB","KC",2495340,1988-12-11,0.515,0.125,0.849,0.463330335721718,90,0.0637499999999999,29,5,"81.6","3.0",4.19091371145472
"Antone Smith","RB","TB",89798,1985-09-17,1.9475,1.0615,2.6915,0.881953324539721,76,0.1175,25,7,"59.9","5.1",5.39925478744168
"Antonio Andrews","RB","TEN",2550474,1992-08-17,0.66,0.378,0.922,0.342746261832277,87,0.06625,28,2,,,4.27691617205516
"Antonio Brown","WR","PIT",2508061,1988-07-10,0,0,0,0,137,0,28,6,,,3.27119706995192
"Antonio Gates","TE","SD",2505299,1980-06-18,9.37041666666667,7.72816666666667,10.167,1.31380305686287,15,0.298749999999998,5,13,"17.5","3.5",7.36721003228696
"Antwan Goodley","WR","FA",2554138,1991-09-06,0,0,0,,137,0,28,1,,,
"Arian Foster","RB","FA",79555,1986-08-24,0,0,0,0,105,0,32,7,,,3.78388194861086
"Arrelious Benn","WR","JAC",497270,1988-09-08,1.42666666666667,0.461,2.761,1.64423487778764,114,0.384166666666667,23,6,"103.2","3.8",4.00353787668748
"Asante Cleveland","TE","SD",2550454,1992-03-21,0,0,0,0,81,0,25,2,,,3.44540175578131
"Austin Davis","QB","DEN",2533349,1989-06-02,0,0,0,0,50,0,25,4,,,4.19965985727146
"Austin Hooper","TE","ATL",2555415,1994-10-29,2.97416666666667,1.97166666666667,3.626,0.889867343421978,39,0.0250000000000004,15,0,"29.6","2.8",4.36652682485898
"Austin Johnson","RB","FA",2534437,1989-06-16,0,0,0,0,105,0,32,3,,,3.78388194861086
"Austin Seferian-Jenkins","TE","NYJ",2543683,1992-09-29,4.28333333333333,3.4325,5.0375,1.01043170091908,29,0.0270833333333336,13,2,,,5.77411634515297
"Austin Willis","WR","FA",2553858,1992-04-13,0,0,0,,137,0,28,1,,,
"B.J. Daniels","QB","FA",2541429,1989-10-24,0,0,0,0,50,0,25,3,,,4.19965985727146
"B.J. Daniels","WR","FA",2541429,1989-10-24,0,0,0,0,137,0,28,3,,,3.27119706995192
"Bear Pascoe","TE","NE",79625,1986-02-23,0,0,0,0,81,0,25,7,,,3.44540175578131
"Bears","DST","CHI",100005,,7.15,6.27,6.83,0.494974746830583,12,0.100000000000001,10,46,"20.0","3.5",5.40706604984142
"Ben Braunecker","TE","CHI",2556478,1994-02-07,0.34,0.099,0.519,0.294830459756111,74,0.0525,23,0,,,4.12488953551022
"Ben Koyack","TE","JAC",2552396,1993-04-09,0.46,0.136,0.424,0.254558441227157,68,0.0399999999999999,22,1,,,4.03207570454419
"Ben Roethlisberger","QB","PIT",2506109,1982-03-02,0,0,0,0,50,0,25,12,,,4.19965985727146
"Bengals","DST","CIN",100006,,8.7,4.48,8.32,3.39411254969543,5,0.249999999999998,4,46,"9.4","2.8",6.13328659040234
"Benjamin Watson","TE","BAL",2506122,1980-12-18,0,0,0,0,81,0,25,12,,,3.44540175578131
"Bennie Fowler","WR","DEN",2550198,1991-06-10,3.44041666666667,2.344,4.4425,1.22146570652729,92,0.192916666666667,20,2,"95.1","6.1",5.53834297753617
"Benny Cunningham","RB","LA",2541544,1990-07-07,0,0,0,0,105,0,32,3,,,3.78388194861086
"Bernard Pierce","RB","FA",2533545,1991-05-10,0,0,0,0,105,0,32,4,,,3.78388194861086
"Bilal Powell","RB","NYJ",2495328,1988-10-27,11.2991666666667,8.00516666666667,13.3605,2.94053235920905,28,0.229791666666666,13,5,"31.8","4.1",6.39134951166793
"Bills","DST","BUF",100003,,5.23333333333333,3.54,5.54,1.36503968196288,26,5.23333333333333,19,46,"18.2","5.2",4.92368144059741
"Billy Cundiff","K","FA",2504941,1980-03-30,0,0,0,,26,0,12,14,,,
"Bishop Sankey","RB","FA",2543682,1992-09-15,0,0,0,0,105,0,32,2,,,3.78388194861086
"Blaine Gabbert","QB","SF",2495441,1989-10-15,0,0,0,0,50,0,25,5,,,4.19965985727146
"Blair Walsh","K","MIN",2532968,1990-01-08,9.38840579710145,8.65391304347826,10.3304347826087,1.14010357813318,8,0.449342770475226,4,4,"12.5","3.8",4.49256420624369
"Blake Annen","TE","FA",2550278,1991-05-28,0,0,0,,81,0,25,2,,,
"Blake Bell","TE","SF",2552478,1991-08-07,0,0,0,0,81,0,25,1,,,3.44540175578131
"Blake Bortles","QB","JAC",2543477,1991-12-16,21.78125,20.516,22.8215,1.28423372094023,13,0.450000000000003,7,2,"19.6","3.3",6.74042016463999
"Bobby Rainey","RB","NYG",2534571,1987-10-16,0,0,0,0,105,0,32,4,,,3.78388194861086
"Brad Sorensen","QB","MIN",2539312,1988-03-13,0,0,0,,50,0,25,3,,,
"Bradley Marquez","WR","LA",2553725,1992-12-14,0,0,0,0,137,0,28,1,,,3.27119706995192
"Branden Oliver","RB","SD",2550658,1991-05-07,0,0,0,0,105,0,32,2,,,3.78388194861086
"Brandin Cooks","WR","NO",2543498,1993-09-25,15.50875,12.7145,17.96,3.07787365725106,17,0.586874999999999,5,2,"17.0","4.4",6.67390815455678
"Brandon Bolden","RB","NE",2532797,1990-01-26,2.24,0.385,3.821,2.15133873049628,71,0.10125,24,4,"76.8","5.3",6.45182559494692
"Brandon Bostick","TE","NYJ",2536342,1989-05-03,0.59,0.301,0.985,0.485206141758325,63,0.0337500000000001,21,4,"48.3","11.7",7.11249960244972
"Brandon Coleman","WR","NO",2550328,1992-06-22,2.33833333333333,1.316,3.31333333333333,1.10366309271545,105,0.25,22,2,"81.5","9.2",7.79490706973974
"Brandon Gibson","WR","NE",81288,1987-08-13,0,0,0,0,137,0,28,7,,,3.27119706995192
"Brandon LaFell","WR","CIN",497302,1986-11-04,10.3383333333333,8.604,12.9033333333333,2.73481463926006,46,0.0822916666666664,11,6,"37.4","5.9",7.07103734632188
"Brandon Marshall","WR","NYJ",2495893,1984-03-23,17.0445833333333,13.8028333333333,18.384,2.55527463733788,9,0.0389583333333334,3,10,"5.5","2.4",4.42350588982572
"Brandon McManus","K","DEN",2541556,1991-07-25,10.418115942029,7.97,12.7734782608696,3.00888282696662,2,0.242517302573203,2,2,"8.5","3.4",5.80120960885049
"Brandon Myers","TE","TB",89766,1985-09-04,3.9175,0.9015,7.3375,3.50591999338262,33,0.280208333333333,13,7,"45.1","2.7",7.33991662916882
"Brandon Pettigrew","TE","DET",71431,1985-02-23,0,0,0,0,81,0,26,7,,,3.44540175578131
"Brandon Tate","WR","BUF",81306,1987-10-05,1.50708333333333,0.383,3.0195,1.60094438275246,113,0.22375,23,7,"92.3","6.0",5.89052782713705
"Brandon Weeden","QB","HOU",2532970,1983-10-14,0,0,0,0,50,0,25,4,,,4.19965985727146
"Brandon Wegher","RB","FA",2553618,1990-12-09,0,0,0,0,105,0,32,1,,,3.78388194861086
"Brandon Williams","TE","SEA",2539645,1987-10-12,0.265,0.169,0.377,0.134536240470737,77,0.055,24,4,"49.5","5.5",4.73162303475547
"Braxton Miller","WR","HOU",2555348,1992-11-30,4.2,3.346,4.69,0.729280467310074,86,0.19875,19,0,"83.5","8.7",7.25486539529898
"Brent Celek","TE","PHI",2507218,1985-01-25,3.115,2.537,3.425,0.624259561400544,38,0.149166666666667,15,9,"34.3","5.7",5.37831519426245
"Brenton Bersin","WR","CAR",2535966,1990-05-09,0.515,0.144,0.804,0.449082397784638,126,0.0274999999999999,26,3,,,4.25738524724219
"Breshad Perriman","WR","BAL",2552597,1993-09-10,0,0,0,,137,0,28,1,,,
"Brett Hundley","QB","GB",2552588,1993-06-15,0.198,0.0456,0.3672,0.20426453436659,43,0.0135,19,1,,,4.42722657258244
"Brian Hartline","WR","FA",81831,1986-11-22,0,0,0,0,137,0,28,7,,,3.27119706995192
"Brian Hoyer","QB","CHI",81294,1985-10-31,0,0,0,0,50,0,25,7,,,4.19965985727146
"Brian Parker","TE","FA",2553840,1992-05-30,0,0,0,0,81,0,25,1,,,3.44540175578131
"Brian Quick","WR","LA",2532933,1989-06-05,0,0,0,0,137,0,28,4,,,3.27119706995192
"Brian Tyms","WR","FA",2535522,1989-02-21,0,0,0,,137,0,28,4,,,
"Brice Butler","WR","DAL",2541388,1990-01-29,3.98,2.495,5.027,1.62090252637227,88,0.0833333333333335,19,3,"72.5","9.2",8.36283782901356
"Brittan Golden","WR","ARI",2535988,1988-07-20,0.380416666666667,0.0465,0.77,0.397045512364627,131,0.0779166666666666,26,4,"107.2","3.5",6.24522919607396
"Brock Osweiler","QB","HOU",2533436,1990-11-22,19.95125,18.335,21.6545,1.78513479883173,20,0.117083333333333,9,4,"20.1","2.8",6.43949209595385
"Broncos","DST","DEN",100009,,10.4333333333333,6.42,10.66,2.66895734947813,2,0.850000000000001,2,46,"2.6","1.6",4.84150289902084
"Browns","DST","CLE",100007,,6.43333333333333,5.32,6.76,0.98657657246325,21,0.133333333333333,14,46,"18.4","3.3",3.20775770878665
"Bruce Ellington","WR","SF",2543646,1991-08-22,0,0,0,0,137,0,28,2,,,3.27119706995192
"Bruce Gradkowski","QB","PIT",2495838,1983-01-27,0,0,0,0,50,0,25,10,,,4.19965985727146
"Bruce Miller","RB","FA",2495314,1987-08-06,0,0,0,,105,0,32,5,,,
"Bryan Walters","WR","JAC",2528181,1987-11-04,0.425,0,1.02,0.736121593216773,130,0.0810416666666666,26,6,,,4.88772538604637
"Bryce Brown","RB","FA",2534796,1991-05-14,0,0,0,0,105,0,32,4,,,3.78388194861086
"Bryce Petty","QB","NYJ",2552369,1991-05-31,-0.432666666666667,-1.1644,0.1188,0.891924511006023,110,0.08,25,1,,,5.19333373171271
"Bryce Treggs","WR","PHI",2556697,1994-04-30,0.7,0,1.68,1.21243556529821,123,0.1425,25,0,,,5.93371429646042
"Buccaneers","DST","TB",100031,,6.56666666666667,5.22,7.3,1.36137185711081,18,0.083333333333333,12,46,"17.3","2.9",3.63032160529566
"C.J. Anderson","RB","DEN",2540269,1991-02-10,12.4,3.36,19.44,10.779146533933,24,0.152708333333335,12,3,,,19.2894869181282
"C.J. Fiedorowicz","TE","HOU",2543721,1991-10-22,6.41958333333333,5.197,7.0845,1.04701725816191,27,1.97979166666667,12,2,"12.5","4.0",5.33009453150779
"C.J. Prosise","RB","SEA",2555417,1994-05-20,6.89458333333333,4.21533333333333,9.2435,2.76303187438887,42,0.266458333333333,17,0,"49.0","5.5",6.96156877633838
"C.J. Spiller","RB","FA",497204,1987-08-15,0,0,0,0,105,0,32,6,,,3.78388194861086
"C.J. Uzomah","TE","CIN",2552559,1993-01-14,2.44625,1.502,3.1675,0.947658298122272,45,0.119583333333333,16,1,"30.0","4.5",7.72776620457568
"Cairo Santos","K","KC",2550636,1991-11-21,10.2598639455782,9.44857142857143,11.2951020408163,1.25179476872049,3,0.274981592637054,2,2,"7.0","3.1",5.45893529766646
"Caleb Sturgis","K","PHI",2539637,1989-08-09,7.93148148148148,7.61111111111111,8.20222222222222,0.384753140888893,13,0.313968846895676,7,3,"17.7","3.6",4.94586679514612
"Cam Newton","QB","CAR",2495455,1989-05-11,21.9975,19.26,24.017,2.56126758982084,11,0.214791666666667,7,5,"7.1","2.4",5.71192927080117
"Cameron Artis-Payne","RB","CAR",2552375,1990-06-23,1.74,0.379,2.799,1.52853688211963,78,0.2575,25,1,,,5.98265427264168
"Cameron Brate","TE","TB",2550656,1991-07-03,11.8008333333333,9.15833333333333,12.588,2.17691996994735,7,0.537708333333335,3,2,"13.9","3.8",6.05555979639503
"Cameron Marshall","RB","FA",2539199,1991-10-14,0,0,0,,105,0,32,3,,,
"Cameron Meredith","WR","CHI",2553568,1992-09-21,12.6766666666667,9.631,15.7996666666667,3.48032246271009,31,0.138958333333333,8,1,"39.3","5.7",7.76063941428753
"Cardale Jones","QB","BUF",2555426,1992-09-29,0,0,0,0,50,0.180833333333333,25,0,,,4.19965985727146
"Cardinals","DST","ARI",100026,,8.66666666666667,4.96,8.88,2.80059517483933,6,0.433333333333334,5,46,"6.1","1.9",5.81812279031205
"Carlos Hyde","RB","SF",2543743,1991-09-20,0,0,0,0,105,0,32,2,,,3.78388194861086
"Carson Palmer","QB","ARI",2505245,1979-12-27,20.9041666666667,17.3865,23.5811666666667,3.48429930784751,16,0.216458333333332,8,13,"12.9","2.9",7.67596818315091
"Carson Wentz","QB","PHI",2555259,1992-12-30,19.8683333333333,18.9245,21.1195,1.38653645221946,21,0.488333333333333,10,0,"22.3","2.3",4.76758314170553
"Case Keenum","QB","LA",2532888,1988-02-12,0,0,0,0,50,0,25,4,,,4.19965985727146
"Cecil Shorts","WR","TB",2495341,1987-12-22,3.08916666666667,1.795,3.7555,1.26205327630105,97,0.065833333333333,20,5,"82.1","5.2",5.06703545658498
"Cedric Peerman","RB","CIN",79629,1986-10-10,0,0,0,0,105,0,32,7,,,3.78388194861086
"Chad Henne","QB","JAC",252,1985-07-02,0.1635,0.1116,0.2196,0.0703775532396516,46,0.0385,20,8,,,4.27806597251821
"Chandler Catanzaro","K","ARI",2550325,1991-02-26,7.60900900900901,7.23027027027027,7.94378378378378,0.455991148957881,15,0.246530231419875,8,2,"12.3","3.6",5.0024437993832
"Chandler Worthy","WR","FA",2553787,1993-09-15,0,0,0,,137,0,28,1,,,
"Charcandrick West","RB","KC",2550268,1991-06-02,3.55208333333333,2.914,3.8685,0.522313895617909,62,0.403958333333333,21,2,"48.2","4.7",4.93122196078748
"Chargers","DST","SD",100028,,6.76666666666667,5.68,6.96,0.832666399786453,15,0.0916666666666659,12,46,"19.0","4.5",6.7377071876934
"Charles Clay","TE","BUF",2495139,1989-02-13,10.2841666666667,8.1095,12.7521666666667,2.70164918768765,13,0.622916666666667,4,5,"19.2","2.8",6.45430911121366
"Charles Johnson","WR","MIN",2541147,1989-02-27,2.85,1.397,4.593,2.26174158559284,102,0.136875,21,3,"90.1","9.2",9.0664814218896
"Charles Sims","RB","TB",2543770,1990-09-19,0,0,0,,105,0,32,2,,,
"Charlie Whitehurst","QB","FA",2495974,1982-08-06,0,0,0,0,50,0,25,10,,,4.19965985727146
"Charone Peake","WR","NYJ",2555477,1992-10-16,4.0225,2.833,5.046,1.27455547806546,87,0.065833333333333,19,0,"87.7","5.9",5.46766753306043
"Chase Coffman","TE","IND",71255,1986-11-10,0.5,0,1.2,0.866025403784439,67,0.05,21,7,,,5.44130706113239
"Chase Daniel","QB","PHI",81284,1986-10-07,0.112,0.0528,0.168,0.0723325652801005,48,0.073,22,7,,,4.28024400929693
"Chase Ford","TE","FA",2534244,1990-07-19,0,0,0,0,81,0,25,4,,,3.44540175578131
"Chase Reynolds","RB","LA",2531218,1987-10-22,0,0,0,,105,0,32,4,,,
"Chester Rogers","WR","IND",2556396,1994-01-12,3.03,1.306,4.922,2.39633052812003,98,0.0341666666666667,20,0,"69.3","6.8",7.15076929064315
"Chiefs","DST","KC",100016,,7.66666666666667,6.3,7.9,1.04083299973307,10,0.366666666666666,9,46,"8.0","3.3",3.27583903994218
"Chris Boswell","K","PIT",2550545,1989-12-16,0,0,0,0,26,0,12,2,,,2.96111582434564
"Chris Conley","WR","KC",2552652,1992-10-25,7.13333333333333,5.651,8.121,1.32469703035155,70,0.120416666666666,16,1,"63.6","5.2",5.13581852393569
"Chris Givens","WR","FA",2535634,1989-12-06,0,0,0,0,137,0,28,4,,,3.27119706995192
"Chris Gragg","TE","BUF",2539202,1990-06-30,0,0,0,0,81,0,25,3,,,3.44540175578131
"Chris Harper","WR","FA",2539246,1989-09-10,0,0,0,,137,0,28,3,,,
"Chris Harper","WR","SF",2553652,1993-12-07,0,0,0,0,137,0,28,1,,,3.27119706995192
"Chris Hogan","WR","NE",2530515,1988-10-24,8.14,6.4415,9.044,1.40719801378484,60,0.0991666666666671,15,5,"48.4","7.0",7.67680078896756
"Chris Ivory","RB","JAC",2507999,1988-03-22,7.62041666666667,5.7055,9.045,1.79776114622852,37,0.574374999999999,16,6,"28.9","3.2",5.29026783083274
"Chris Johnson","RB","ARI",262,1985-09-23,0,0,0,0,105,0,33,8,,,3.78388194861086
"Chris Manhertz","TE","CAR",2552622,1992-04-10,0.3,0,0.72,0.519615242270663,75,0.03,23,0,,,4.64294493899196
"Chris Matthews","WR","BAL",2531049,1989-10-06,0,0,0,0,137,0,28,2,,,3.27119706995192
"Chris Moore","WR","BAL",2555209,1993-06-16,0,0,0,,137,0,28,0,,,
"Chris Owusu","WR","NYJ",2532923,1990-01-06,0,0,0,0,137,0,28,4,,,3.27119706995192
"Chris Pantale","TE","FA",2539208,1990-03-22,0,0,0,,81,0,25,3,,,
"Chris Polk","RB","HOU",2533037,1989-12-16,0,0,0,0,105,0,32,4,,,3.78388194861086
"Chris Thompson","RB","WAS",2540011,1990-10-20,12.1141666666667,10.347,13.9766666666667,2.16639036699811,26,0.505208333333332,12,3,"26.9","3.9",5.69497799661692
"Christian Hackenberg","QB","NYJ",2555416,1995-02-14,0,0,0,0,50,0,25,0,,,4.19965985727146
"Christian Ponder","QB","SF",2495215,1988-02-25,0,0,0,0,50,0,25,5,,,4.19965985727146
"Christine Michael","RB","SEA",2539322,1990-11-09,20.2633333333333,18.677,21.385,1.52630454220498,6,0.337083333333336,4,3,"5.5","1.8",3.48988996637491
"Clark Harris","TE","CIN",2495620,1984-07-10,0,0,0,,81,0,25,9,,,
"Clay Harbor","TE","DET",497242,1987-07-02,2.28833333333333,0.306,4.46,2.3229267936999,47,0.182291666666666,16,6,"33.5","3.9",6.75918855631895
"Clive Walford","TE","OAK",2552397,1991-10-21,6.83833333333333,5.0615,7.9425,1.58052909565823,25,0.315,11,1,"26.0","2.3",4.95648624996051
"Cobi Hamilton","WR","PIT",2539203,1990-11-13,0,0,0,0,137,0,28,3,,,3.27119706995192
"Coby Fleener","TE","NO",2532838,1988-09-20,8.85708333333333,7.503,9.4835,1.06708878366433,17,0.162916666666668,6,4,"12.5","2.6",4.48837943400579
"Cody Core","WR","CIN",2555331,1994-04-17,0.2975,0.01,0.486,0.330037876614185,133,0.14875,27,0,,,3.99596262206554
"Cody Kessler","QB","CLE",2555387,1993-05-11,18.96,1.896,17.064,13.4067445712969,23,1.458125,12,0,,,19.1358250342758
"Cody Latimer","WR","DEN",2543590,1992-10-10,1.575,0.8,2.04,0.779823698024111,111,0.0539583333333333,23,2,,,4.98369552269903
"Cody Parkey","K","CLE",2550380,1992-02-19,7.6260162601626,6.08146341463415,9.3809756097561,2.11191111329667,14,0.0371031535075597,8,2,"23.6","2.7",4.73777094799403
"Cole Beasley","WR","DAL",2535698,1989-04-26,12.09875,9.2565,15.14,3.16878098275451,35,0.305000000000001,9,4,"38.9","6.0",7.61201805529167
"Cole Wick","TE","DET",2556708,1993-11-30,0.76,0.568,0.912,0.231786539729985,58,0.0275000000000001,20,0,,,3.97959391958439
"Colin Kaepernick","QB","SF",2495186,1987-11-03,0,0,0,0,50,0,25,5,,,4.19965985727146
"Colt McCoy","QB","WAS",497123,1986-09-05,0.173,0.132,0.1992,0.0432666153055679,45,0.02225,20,6,,,4.24786226087639
"Colts","DST","IND",100014,,6.26666666666667,2.72,6.8,2.62106848441623,23,0.266666666666667,16,46,"22.7","2.5",5.02007041011075
"Connor Barth","K","CHI",2507463,1986-04-11,4.44871794871795,1.96923076923077,6.36923076923077,3.0045166525719,24,2.24871794871795,12,8,"24.1","3.0",6.76317493185963
"Connor Cook","QB","OAK",2555332,1993-01-29,0,0,0,0,50,0,25,0,,,4.19965985727146
"Cooper Helfet","TE","FA",2536071,1989-06-02,0,0,0,0,81,0,25,5,,,3.44540175578131
"Cordarrelle Patterson","WR","MIN",2540145,1991-03-17,7.77791666666667,6.702,8.4155,1.01944735845784,67,0.19875,15,3,"49.0","8.3",7.44450148119983
"Corey Brown","WR","CAR",2550546,1991-12-16,5.50541666666667,4.2405,6.29,1.10488090107285,80,0.0322916666666666,18,2,,,5.69752347982025
"Corey Coleman","WR","CLE",2555333,1994-07-06,0,0,0,0,137,0,28,0,,,3.27119706995192
"Corey Fuller","WR","DET",2540261,1990-06-23,0,0,0,0,137,0,28,3,,,3.27119706995192
"Corey Grant","RB","JAC",2553650,1991-12-19,0.1975,0.057,0.205,0.100374299499424,98,0.01375,31,1,,,3.92826854102155
"Corey Washington","WR","FA",2550413,1991-12-29,0,0,0,0,137,0,28,2,,,3.27119706995192
"Cory Harkey","TE","LA",2533353,1990-06-17,0,0,0,0,81,0,25,4,,,3.44540175578131
"Cowboys","DST","DAL",100008,,5.76666666666667,5.92,6.4,0.321455025366432,25,3.15,18,46,"13.8","3.8",2.51635397140941
"Craig Stevens","TE","FA",1992,1984-09-01,0,0,0,,81,0,25,8,,,
"Crockett Gillmore","TE","BAL",2543794,1991-11-16,0,0,0,0,81,0,25,2,,,3.44540175578131
"Cyrus Gray","RB","ATL",2532851,1989-11-18,0,0,0,0,105,0,32,4,,,3.78388194861086
"D.J. Foster","RB","NE",2556528,1993-11-22,3.03,0.708,2.772,1.82433549546129,67,0.173958333333334,23,0,"75.5","8.8",7.89155518414177
"Dak Prescott","QB","DAL",2555260,1993-07-29,20.84625,19.1255,22.05,1.63469352377339,17,0.579583333333336,8,0,"16.1","2.9",6.64566521301679
"Damaris Johnson","WR","FA",2536031,1989-11-22,0,0,0,0,137,0,28,4,,,3.27119706995192
"Damien Williams","RB","MIA",2550512,1992-04-03,0,0,0,,105,0,32,2,,,
"Dan Bailey","K","DAL",2495259,1988-01-26,6.05111111111111,3.16,8.24266666666667,3.51925707648225,21,0.846349206349207,10,5,"8.3","3.9",7.52304669231469
"Dan Carpenter","K","BUF",2507401,1985-11-25,4.7,2.08,6.64,3.20780298646909,23,0.275641025641026,12,8,"20.9","2.6",5.52035823248594
"Dan Herron","RB","FA",2532864,1989-03-21,0,0,0,0,105,0,32,4,,,3.78388194861086
"Dan Orlovsky","QB","DET",2506481,1983-08-18,0.078,0.0408,0.1224,0.0533291665038935,49,0.078,23,11,,,4.25907273229255
"Daniel Brown","WR","CHI",2553900,1992-05-26,0.3075,0.015,0.507,0.335521981396152,132,0.08375,27,1,,,4.00800575563229
"Daniel Fells","TE","NYG",2506619,1983-09-23,0,0,0,0,81,0,25,10,,,3.44540175578131
"Daniel Lasco","RB","NO",2555219,1992-10-09,2.2375,0.574,2.878,1.4948606401044,72,0.200416666666666,25,0,,,5.93421161496909
"Daniel Thomas","RB","FA",2495241,1987-10-29,0,0,0,,105,0,32,5,,,
"Danny Amendola","WR","NE",2649,1985-11-02,5.77583333333333,3.771,7.1055,1.9317078295873,77,0.119791666666666,17,8,"79.2","6.7",8.18823035167191
"Danny Woodhead","RB","SD",4327,1985-01-25,0,0,0,0,105,0,32,8,,,3.78388194861086
"Darius Jackson","RB","DAL",2556273,1993-12-01,0.31,0.005,0.501,0.350962961008708,95,0.09,31,0,,,4.28873574340824
"Darius Jennings","WR","FA",2553896,1992-06-28,0,0,0,0,137,0,28,1,,,3.27119706995192
"Darrel Young","RB","FA",2507737,1987-04-08,0,0,0,,105,0,32,7,,,
"Darren Fells","TE","ARI",2540928,1986-04-22,3.29208333333333,2.57333333333333,3.8305,0.725737651557978,37,0.2475,14,4,,,5.11798967607533
"Darren McFadden","RB","DAL",284,1987-08-27,0,0,0,0,105,0,32,8,,,3.78388194861086
"Darren Sproles","RB","PHI",2506467,1983-06-20,9.64,7.875,10.309,1.53675523967438,33,1.23166666666667,15,11,"33.2","3.1",5.03275323511379
"Darrin Reaves","RB","FA",2550596,1993-04-17,0,0,0,0,105,0,32,2,,,3.78388194861086
"Darrius Heyward-Bey","WR","PIT",80427,1987-02-26,0,0,0,0,137,0,28,7,,,3.27119706995192
"Daryl Richardson","RB","FA",2534789,1990-04-12,0,0,0,0,105,0,32,4,,,3.78388194861086
"Davante Adams","WR","GB",2543495,1992-12-24,11.4316666666667,8.538,13.124,2.53877266935554,39,0.0685416666666665,10,2,"28.4","5.0",8.6613374230872
"David Ausberry","TE","FA",2499277,1987-09-25,0,0,0,,81,0,25,5,,,
"David Cobb","RB","FA",2552376,1993-06-03,0,0,0,0,105,0,32,1,,,3.78388194861086
"David Fales","QB","FA",2543751,1990-10-04,0,0,0,0,50,0,25,2,,,4.19965985727146
"David Johnson","RB","ARI",2553435,1991-12-16,24.60125,23.22,25.4015,1.26833470214556,1,1.804375,1,1,"1.5","1.2",4.35117481568461
"David Johnson","TE","PIT",79589,1987-08-26,0,0,0,0,81,0,25,7,,,3.44540175578131
"David Morgan","TE","MIN",2555306,1993-05-19,0.4,0.388,0.412,0.015,70,0.01625,23,0,,,3.47997184974095
"DeAndre Carter","WR","FA",2553502,1993-04-10,0,0,0,0,137,0,28,1,,,3.27119706995192
"DeAndre Hopkins","WR","HOU",2540165,1992-06-06,17.2229166666667,16.8615,17.7706666666667,0.571382947087347,8,0.182916666666667,3,3,"8.6","3.6",3.59935182437427
"DeAndre Washington","RB","OAK",2555464,1993-02-22,8.39666666666667,6.8645,10.7821666666667,2.46654391586464,35,0.497083333333333,16,0,"36.7","4.0",5.98064917575705
"DeAngelo Williams","RB","PIT",2495979,1983-04-25,0,0,0,0,105,0,32,10,,,3.78388194861086
"DeAnthony Thomas","WR","KC",2543638,1993-01-05,1.535,0.707,2.619,1.31727939329514,112,0.0681250000000002,23,2,,,6.1639520972348
"DeMarco Murray","RB","TEN",2495207,1988-02-12,23.1045833333333,20.4505,26.095,3.15838841200874,2,0.634375000000002,2,5,,,8.32716586285597
"DeSean Jackson","WR","WAS",1581,1986-12-01,11.65625,9.032,13.3095,2.41593106620753,38,0.250208333333333,10,8,"33.6","4.4",5.94709280780491
"DeVante Parker","WR","MIA",2552409,1993-01-20,0,0,0,,137,0,28,1,,,
"DeVier Posey","WR","FA",2532930,1990-03-15,0,0,0,,137,0,28,4,,,
"Delanie Walker","TE","TEN",2495966,1984-08-12,12.5875,10.308,15.493,2.92438455063625,5,0.771874999999998,2,10,,,10.185151668423
"Demarcus Robinson","WR","KC",2555478,1994-09-21,0.4825,0.4645,0.5005,0.0318198051533947,129,0.0797916666666666,26,0,,,3.3410735910553
"Demaryius Thomas","WR","DEN",497328,1987-12-25,15.7475,12.915,16.602,2.06083114301002,15,0.181041666666667,4,6,"15.5","3.4",4.33199387023742
"Demetrius Harris","TE","KC",2541187,1991-07-29,2.94083333333333,1.643,3.982,1.25819204504806,41,0.347916666666667,15,3,"35.2","3.1",5.4087067012307
"Denard Robinson","RB","JAC",2539260,1990-09-22,0.76,0.712,0.808,0.06,86,0.12375,27,3,,,3.8701908502704
"Dennis Pitta","TE","BAL",497254,1985-06-29,0,0,0,0,81,0,25,6,,,3.44540175578131
"Deonte Thompson","WR","CHI",2534436,1989-02-14,1.68125,0.694,3.1535,1.62409141265714,109,0.0847916666666666,23,4,"101.9","5.8",5.78697514460848
"Derek Anderson","QB","CAR",2506546,1983-06-15,0.34,0.12,0.648,0.381051177665153,30,0.02925,17,11,,,4.62418076167385
"Derek Carr","QB","OAK",2543499,1991-03-28,22.27375,20.663,23.5335,1.76159196467286,8,0.117291666666667,6,2,"8.7","2.7",6.13640300575431
"Derek Carrier","TE","WAS",2534241,1990-07-25,0,0,0,0,81,0,25,4,,,3.44540175578131
"Derek Hagan","WR","FA",2495843,1984-09-21,0,0,0,,137,0,28,10,,,
"Derrick Coleman","RB","FA",2534871,1990-10-18,0,0,0,,105,0,32,4,,,
"Derrick Henry","RB","TEN",2556075,1994-07-17,5.80916666666667,3.85416666666667,7.2615,1.93998210186475,47,0.268333333333333,19,0,"40.4","3.9",5.53213592419772
"Devante Davis","WR","FA",2553703,1992-10-13,0,0,0,,137,0,28,1,,,
"Devin Fuller","WR","ATL",2556212,1994-01-29,0,0,0,0,137,0,28,0,,,3.27119706995192
"Devin Funchess","WR","CAR",2552458,1994-05-21,6.34708333333333,5.4145,6.618,0.650743698479756,74,0.223333333333334,17,1,"64.2","7.4",5.55652918239663
"Devin Hester","WR","BAL",2506897,1982-11-04,0,0,0,0,137,0,28,10,,,3.27119706995192
"Devin Smith","WR","NYJ",2553434,1992-03-03,0,0,0,,137,0,28,1,,,
"Devin Street","WR","IND",2543641,1991-03-30,1.14,0.769,1.629,0.59512603707114,115,0.213125,24,2,"91.7","6.2",4.91510386911832
"Devonta Freeman","RB","ATL",2543583,1992-03-15,22.45125,20.8345,22.445,0.947033746318824,4,1.96166666666666,3,2,"6.7","2.0",4.46902447589372
"Devontae Booker","RB","DEN",2555223,1992-05-27,15.4008333333333,11.3883333333333,19.452,4.4285886264387,14,0.804583333333333,7,0,"12.6","7.1",9.06675554854818
"Dexter McCluster","RB","SD",497190,1988-08-25,3.66375,3.4425,3.65,0.122568008332789,60,0.0641666666666669,20,6,"62.0","7.2",6.03947811765533
"Dez Bryant","WR","DAL",497278,1988-11-04,15.6241666666667,14.75,16.7016666666667,1.08681108447298,16,0.317291666666666,5,6,,,5.65784203253017
"Dezmin Lewis","WR","FA",2552411,1992-12-05,0,0,0,0,137,0,28,1,,,3.27119706995192
"Dion Lewis","RB","NE",2495469,1990-09-27,0,0,0,0,105,0,32,5,,,3.78388194861086
"Dion Sims","TE","MIA",2540200,1991-02-18,0,0,0,,81,0,25,3,,,
"Dolphins","DST","MIA",100019,,0,0,0,,27,0,19,46,,,
"Dominique Jones","TE","MIA",2535724,1987-08-15,0,0,0,,81,0,25,4,,,
"Don Jackson","RB","GB",2556563,1993-09-07,5.905,1.59,5.938,3.10663134815403,46,0.22125,18,0,,,8.25271427394892
"Donald Brown","RB","FA",2507779,1987-04-11,0,0,0,0,105,0,32,7,,,3.78388194861086
"Donte Moncrief","WR","IND",2543614,1993-08-06,11.3458333333333,8.56683333333333,12.6435,2.3843768111978,41,0.709791666666666,10,2,,,8.50730570615814
"Dontrelle Inman","WR","SD",2530700,1989-01-31,6.22375,5.5225,6.566,0.596173562535833,75,0.323958333333334,17,3,"68.5","6.7",6.72180892096176
"Dorial Green-Beckham","WR","PHI",2552491,1993-04-12,7.54625,6.0245,8.955,1.83309108247972,69,0.449166666666666,16,1,"58.1","5.5",5.82300522711481
"Doug Baldwin","WR","SEA",2530747,1988-09-21,17.4125,16.3755,18.557,1.19417597111983,7,0.278750000000002,3,5,"9.9","3.3",3.31591927079847
"Doug Martin","RB","TB",2532899,1989-01-13,0,0,0,0,105,0,32,4,,,3.78388194861086
"Dreamius Smith","RB","SD",2553848,1992-09-08,0,0,0,,105,0,32,1,,,
"Drew Brees","QB","NO",2504775,1979-01-15,21.46625,20.0325,22.965,1.58987093291667,14,0.416041666666668,7,15,"6.6","2.4",5.17082323112271
"Drew Stanton","QB","ARI",2495748,1984-05-07,0.226,0.1128,0.3672,0.170164626171246,41,0.01725,19,9,,,4.38923659980286
"Dri Archer","RB","BUF",2543596,1991-08-09,0,0,0,0,105,0,32,2,,,3.78388194861086
"DuJuan Harris","RB","SF",2530690,1988-09-03,0,0,0,0,105,0,32,5,,,3.78388194861086
"Duke Johnson","RB","CLE",2552461,1993-09-23,10.3445833333333,9.30933333333333,10.8275,0.840274839296974,32,1.31458333333333,14,1,"29.3","3.4",3.69435424542081
"Duke Williams","WR","FA",2556836,1993-05-13,0,0,0,,137,,28,0,,,
"Duron Carter","WR","FA",2552616,1991-03-22,0,0,0,,137,0,28,1,,,
"Dustin Hopkins","K","WAS",2539227,1990-10-01,8.78682170542636,7.59581395348837,10.2525581395349,1.76378497659529,10,0.481805094130676,5,3,"13.7","4.1",6.30438947466427
"Dwayne Allen","TE","IND",2533046,1990-02-24,0,0,0,0,81,0,25,4,,,3.44540175578131
"Dwayne Bowe","WR","FA",2495558,1984-09-21,0,0,0,0,137,0,28,9,,,3.27119706995192
"Dwayne Harris","WR","NYG",2495159,1987-09-16,0,0,0,0,137,0,28,5,,,3.27119706995192
"Dwayne Washington","RB","DET",2556118,1994-04-24,7.00208333333333,4.21533333333333,9.3105,2.77892877542568,39,0.0720833333333335,17,0,,,7.78132012189574
"E.J. Bibbs","TE","FA",2553791,1991-08-28,0,0,0,0,81,0,25,1,,,3.44540175578131
"E.J. Manuel","QB","BUF",2539228,1990-03-19,0.308,0.1116,0.5772,0.330944104041755,32,0.02225,18,3,,,4.56835755088652
"Eagles","DST","PHI",100025,,6.7,5.84,6.88,0.7,16,0.0916666666666668,12,46,"10.6","4.1",3.70733110728631
"Ed Dickson","TE","CAR",497224,1987-07-25,4.14958333333333,2.3045,6.88833333333333,2.80614417642588,32,0.326041666666667,13,6,"43.6","4.7",7.56311592375503
"Eddie Lacy","RB","GB",2540168,1990-06-02,0,0,0,0,105,0,32,3,,,3.78388194861086
"Eddie Royal","WR","CHI",1990,1986-05-21,8.97916666666667,7.56266666666667,9.5985,1.11586071661695,53,0.240416666666667,13,8,,,5.72163523376971
"Eli Manning","QB","NYG",2505996,1981-01-03,0,0,0,0,50,0,25,12,,,4.19965985727146
"Eli Rogers","WR","PIT",2553737,1992-12-23,0,0,0,,137,0,28,1,,,
"Emmanuel Sanders","WR","DEN",497322,1987-03-17,17.0354166666667,16.213,18.1824166666667,1.22755466329972,10,0.127916666666668,3,6,"14.6","3.2",4.25534662747142
"Eric Decker","WR","NYJ",497284,1987-03-15,0,0,0,0,137,0,28,6,,,3.27119706995192
"Eric Ebron","TE","DET",2543466,1993-04-10,8.815,2.924,9.352,4.21832016328775,18,0.416666666666666,7,2,,,13.1672500488957
"Eric Rogers","WR","SF",2541883,1991-02-12,0,0,0,,137,0,28,3,,,
"Eric Weems","WR","ATL",2507029,1985-07-04,0.0766666666666667,0,0.158666666666667,0.0891939210683977,136,0.0766666666666667,28,9,,,3.46706756248901
"Erik Swoope","TE","IND",2550405,1992-05-08,2.58,0.686,4.39,2.06428357225132,43,0.124166666666667,16,2,"29.1","3.4",5.8433986491262
"Evan Spencer","WR","FA",2553289,1993-05-26,0,0,0,0,137,0,28,1,,,3.27119706995192
"Ezekiel Elliott","RB","DAL",2555224,1995-07-22,22.4891666666667,19.697,25.2566666666667,3.04611273228319,3,0.905624999999997,2,0,"2.5","1.2",5.62982539214834
"Falcons","DST","ATL",100001,,6.33333333333333,5.68,6.4,0.45092497528229,22,0.0833333333333339,15,46,"21.4","3.4",2.58335022557072
"Fitzgerald Toussaint","RB","PIT",2550738,1990-05-04,0,0,0,,105,0,32,2,,,
"Fozzy Whittaker","RB","CAR",2540037,1989-02-22,5.55833333333333,4.4515,6.2485,0.988469636469539,48,0.059166666666667,19,4,"46.2","4.4",5.12692323799857
"Frank Gore","RB","IND",2506404,1983-05-14,15.815,13.385,17.213,2.16838649691424,12,0.343333333333332,7,11,"13.2","1.9",5.06831731741893
"Frankie Hammond","WR","FA",2541828,1990-02-17,0.1475,0.01,0.246,0.157876534038469,135,0.109166666666667,28,3,,,3.61789507483557
"Fred Davis","TE","FA",216,1986-01-15,0,0,0,,81,0,25,8,,,
"Fred Jackson","RB","FA",2506871,1981-02-20,0,0,0,0,105,0,32,10,,,3.78388194861086
"Gabe Holmes","TE","OAK",2553658,1991-03-29,0,0,0,,81,0,25,1,,,
"Garrett Celek","TE","SF",2534820,1988-05-29,0,0,0,0,81,0,25,4,,,3.44540175578131
"Garrett Graham","TE","DEN",497234,1986-08-04,0,0,0,0,81,0,25,6,,,3.44540175578131
"Garrett Hartley","K","FA",4381,1986-05-16,0,0,0,,26,0,12,8,,,
"Gary Barnidge","TE","CLE",1060,1985-09-22,11.68125,9.9755,14.01,2.48837421823969,8,0.920833333333334,3,8,"9.7","2.8",6.20854458677847
"Gavin Escobar","TE","DAL",2540211,1991-02-03,0.74,0.346,0.97,0.397712207506886,59,0.03125,21,3,,,4.36199831460866
"Geno Smith","QB","NYJ",2539335,1990-10-10,0,0,0,,50,0,25,3,,,
"Geoff Swaim","TE","DAL",2553454,1993-09-16,2.03791666666667,0.8355,3.344,1.42624044450982,49,0.103541666666667,17,1,"45.8","4.3",8.23807080406923
"George Atkinson","RB","CLE",2550540,1992-11-29,0.2,0,0.48,0.346410161513775,97,0.00875000000000001,31,2,,,4.28218662467685
"George Winn","RB","FA",2541910,1990-11-10,0,0,0,0,105,0,32,3,,,3.78388194861086
"Gerald Christian","TE","FA",2552462,1991-08-26,0,0,0,0,81,0,25,1,,,3.44540175578131
"Geremy Davis","WR","FA",2552654,1992-01-10,0,0,0,0,137,0,28,1,,,3.27119706995192
"Geronimo Allison","WR","GB",2556460,1994-01-18,0,0,0,0,137,0,28,0,,,3.27119706995192
"Giants","DST","NYG",100023,,0,0,0,,27,0,19,46,,,
"Giovani Bernard","RB","CIN",2540156,1991-11-22,14.975,12.0625,16.8975,2.66763003431885,15,0.953333333333335,8,3,"16.4","2.8",4.79929728483251
"Glenn Winston","RB","CLE",2551357,1989-04-29,0,0,0,,105,0,32,2,,,
"Golden Tate","WR","DET",497326,1988-08-02,12.8833333333333,11.3773333333333,13.516,1.23663521972596,29,0.163125000000003,8,6,"25.3","4.6",4.71670582737937
"Graham Gano","K","CAR",71309,1987-04-09,7.15614035087719,6.72315789473684,7.53157894736842,0.520396538910536,17,0.311373845241122,9,7,"13.3","3.6",5.05359435958293
"Greg Jennings","WR","FA",2495867,1983-09-21,0,0,0,0,137,0,28,10,,,3.27119706995192
"Greg Olsen","TE","CAR",2495700,1985-03-11,15.1279166666667,13.026,17.5461666666667,2.64787873694313,2,0.440833333333336,1,9,"3.0","1.0",5.98051686565776
"Greg Salas","WR","BUF",2495223,1988-08-25,0,0,0,0,137,0,28,5,,,3.27119706995192
"Greg Zuerlein","K","LA",2534797,1987-12-27,0,0,0,,26,0,12,4,,,
"Griff Whalen","WR","SD",2535876,1990-03-01,1.99166666666667,0.759,2.991,1.22881605168914,107,0.29125,22,4,"107.4","3.0",4.12776343181069
"Gus Johnson","RB","FA",2553662,1993-08-10,0,0,0,0,105,0,32,1,,,3.78388194861086
"Hakeem Nicks","WR","FA",80672,1988-01-14,0,0,0,,137,0,28,7,,,
"Harry Douglas","WR","TEN",222,1984-09-16,0.90875,0,2.3105,1.45389347959195,117,0.08875,24,8,,,6.46395761386572
"Hunter Henry","TE","SD",2555341,1994-12-07,7.76458333333333,6.7135,8.006,0.693946543730535,22,0.440624999999999,10,0,,,5.04472157043027
"Ifeanyi Momah","TE","ARI",2541096,1989-10-23,1.465,0.235,2.571,1.4692430023655,55,0.566666666666667,18,3,"46.8","5.7",6.35202042587917
"Isaiah Burse","WR","SD",2550182,1991-12-08,0,0,0,0,137,0,28,2,,,3.27119706995192
"Isaiah Crowell","RB","CLE",2550189,1993-01-08,12.9170833333333,11.4438333333333,13.07,0.913662121477202,21,0.362083333333334,12,2,"20.3","3.1",4.5845992129203
"Isaiah Pead","RB","FA",2532926,1989-12-14,0,0,0,0,105,0,32,4,,,3.78388194861086
"J.J. Nelson","WR","ARI",2552656,1992-04-24,8.20041666666667,5.816,10.9431666666667,2.80093449187548,58,0.0416666666666643,15,1,"54.5","7.9",9.27161255914603
"Jace Amaro","TE","TEN",2543481,1992-06-26,0.17,0.01,0.282,0.183575597506858,79,0.1125,25,2,,,3.86848346608196
"Jack Doyle","TE","IND",2540232,1990-05-05,10.845,9.2395,12.4485,1.7212543875519,9,0.242708333333333,3,3,"8.2","2.9",5.36574749204633
"Jacob Tamme","TE","ATL",324,1985-03-15,7.905,6.186,10.44,2.60251801146505,21,0.23375,9,8,"21.5","2.9",6.38125970144278
"Jacoby Brissett","QB","NE",2555261,1992-12-11,0.138,0.0138,0.1242,0.0975807358037435,47,0.043,21,0,,,4.30837245191422
"Jacoby Jones","WR","FA",2495651,1984-07-11,0,0,0,0,137,0,28,9,,,3.27119706995192
"Jacquizz Rodgers","RB","TB",2495471,1990-02-06,18.9216666666667,17.183,20.8516666666667,2.22465852560692,9,2.62833333333333,5,5,"9.1","2.0",5.38794440450516
"Jaelen Strong","WR","HOU",2552463,1994-01-25,4.96875,2.885,6.9015,2.18597184718072,83,0.587916666666667,18,1,"80.8","5.9",6.46840598578568
"Jaguars","DST","JAC",100015,,6.5,6.04,6.36,0.282842712474619,19,0.0499999999999998,12,46,"15.9","3.3",2.32470771124478
"Jake Kumerow","WR","FA",2553548,1992-02-17,0,0,0,0,137,0,28,1,,,3.27119706995192
"Jake Stoneburner","TE","FA",2539283,1989-08-25,0,0,0,,81,0,25,3,,,
"Jakeem Grant","WR","MIA",2556190,1992-10-30,0,0,0,0,137,0,28,0,,,3.27119706995192
"Jalen Richard","RB","OAK",2556885,1993-10-15,6.95,5.0835,7.7765,1.52823972814041,40,0.0477083333333326,17,0,"44.3","5.5",6.07345582700058
"Jalin Marshall","WR","NYJ",2556606,1995-07-21,4.4875,2.384,6.249,2.21002828036204,84,0.250416666666666,19,0,"102.6","6.2",6.68827234295457
"Jalston Fowler","RB","TEN",2552464,1990-07-26,0.185,0.046,0.306,0.167107749670684,99,0.00750000000000001,31,1,,,4.0242633874921
"Jamaal Charles","RB","KC",925,1986-12-27,8.42,6.565,9.233,1.5415252187363,34,0.132291666666665,16,8,,,6.00133775710451
"Jameill Showers","QB","DAL",2553600,1991-09-06,0,0,0,0,50,0,25,0,,,4.19965985727146
"Jameis Winston","QB","TB",2552033,1994-01-06,23.9,21.059,25.897,2.67303822145014,5,1.040625,4,1,"9.0","2.6",6.35413951294916
"James Casey","TE","FA",71247,1984-09-22,0,0,0,,81,0,25,7,,,
"James Develin","RB","NE",2508101,1988-07-23,0.0716666666666667,0,0.1555,0.105016533089901,103,0.0466666666666667,32,6,,,3.93494630906223
"James Hanna","TE","DAL",2533028,1989-07-14,0,0,0,0,81,0,25,4,,,3.44540175578131
"James Jones","WR","FA",2507183,1984-03-31,0,0,0,0,137,0,28,9,,,3.27119706995192
"James OShaughnessy","TE","KC",2553318,1992-01-14,0.115,0.005,0.189,0.12619429464124,80,0.115,25,1,,,3.73623833064255
"James Starks","RB","GB",497206,1986-02-25,0,0,0,0,105,0,32,6,,,3.78388194861086
"James White","RB","NE",2543773,1992-02-03,13.2579166666667,10.2666666666667,14.0895,2.4554080052452,20,0.451874999999999,11,2,"19.2","3.2",5.7632743148459
"James Wright","WR","CIN",2550162,1991-12-31,2.185,0.712,3.652,1.88489389621803,106,0.329375,22,2,"107.6","2.1",7.81440797276016
"Jamison Crowder","WR","WAS",2552415,1993-06-17,10.4054166666667,8.86166666666667,11.1935,1.25841859534541,45,0.105833333333331,11,1,"34.5","5.4",7.31998814521
"Jamize Olawale","RB","OAK",2536044,1989-04-17,3.08416666666667,1.85666666666667,4.097,1.33874215424612,65,0.0341666666666667,22,4,"64.2","5.9",6.21631537691528
"Jared Abbrederis","WR","GB",2543774,1990-12-17,0,0,0,0,137,0,28,2,,,3.27119706995192
"Jared Cook","TE","GB",71265,1987-04-07,1.725,0.345,3.105,2.43951839509359,52,0.171458333333333,17,7,,,9.06769376475892
"Jared Goff","QB","LA",2555334,1994-10-14,0,0,0,0,50,0,25,0,,,4.19965985727146
"Jarius Wright","WR","MIN",2532978,1989-11-25,1.71958333333333,0.5025,2.67433333333333,1.23084461741611,108,0.0700000000000001,23,4,,,5.97414070738936
"Jaron Brown","WR","ARI",2541966,1990-01-08,0,0,0,0,137,0,28,3,,,3.27119706995192
"Jarrett Boykin","WR","FA",2532799,1989-11-04,0,0,0,0,137,0,28,4,,,3.27119706995192
"Jarryd Hayne","RB","FA",2553117,1988-02-15,0,0,0,0,105,0,32,1,,,3.78388194861086
"Jarvis Landry","WR","MIA",2543488,1992-11-28,0,0,0,0,137,0,28,2,,,3.27119706995192
"Jason Avant","WR","KC",2495802,1983-04-20,0,0,0,0,137,0,28,10,,,3.27119706995192
"Jason Witten","TE","DAL",2505629,1982-05-06,8.57333333333333,7.695,9.105,0.953251744760474,19,0.509166666666667,8,13,"17.5","2.8",4.4395669818539
"Javontee Herndon","WR","SD",2550459,1991-06-29,0,0,0,0,137,0,28,2,,,3.27119706995192
"Javorius Allen","RB","BAL",2552631,1991-08-27,0,0,0,0,105,0,32,1,,,3.78388194861086
"Jaxon Shipley","WR","FA",2553599,1992-07-17,0,0,0,,137,0,28,1,,,
"Jay Ajayi","RB","MIA",2552582,1993-06-15,0,0,0,0,105,0,32,1,,,3.78388194861086
"Jay Cutler","QB","CHI",2495824,1983-04-29,17.49125,15.571,19.5805,2.20875672041988,25,4.89708333333333,13,10,,,6.66038811509478
"Jay Prosch","RB","HOU",2543695,1992-08-21,0.3925,0.166,0.51,0.2151743479135,92,0.0416666666666667,30,2,"82.3","0.4",3.45412189755953
"Jeff Cumberland","TE","SD",2507883,1987-05-02,0,0,0,0,81,0,25,6,,,3.44540175578131
"Jeff Driskel","QB","CIN",2555262,1993-04-23,0,0,0,0,50,0,25,0,,,4.19965985727146
"Jeff Heuerman","TE","DEN",2552399,1992-11-24,0.725,0.395,0.995,0.396862696659689,60,0.07875,21,1,,,4.36004046995484
"Jeff Janis","WR","GB",2543750,1991-06-09,3.86,0.95,7.398,4.25318410135277,90,0.304791666666667,19,2,"83.6","7.5",9.57650580929208
"Jerell Adams","TE","NYG",2555311,1992-12-31,0,0,0,0,81,0,25,0,,,3.44540175578131
"Jeremy Butler","WR","NYJ",2550183,1991-04-22,0,0,0,0,137,0,28,2,,,3.27119706995192
"Jeremy Hill","RB","CIN",2543603,1992-10-20,13.5483333333333,11.5183333333333,13.893,1.38640622554222,18,0.283125,11,2,,,5.77820192495258
"Jeremy Kerley","WR","SF",2495189,1988-11-30,0,0,0,0,137,0,28,5,,,3.27119706995192
"Jeremy Langford","RB","CHI",2552379,1991-12-06,5.52333333333333,1.76833333333333,6.396,2.7200086805417,49,0.0566666666666666,20,1,,,7.6965646439772
"Jeremy Maclin","WR","KC",80429,1988-05-11,14.18625,11.65275,14.9205,1.98776085814332,22,0.229375000000001,7,7,"25.8","4.8",5.67041268569505
"Jeremy Ross","WR","FA",2530598,1988-03-06,0,0,0,0,137,0,28,5,,,3.27119706995192
"Jerick McKinnon","RB","MIN",2543715,1992-05-03,12.415,7.6775,15.0005,4.31008313918266,23,0.0247916666666654,12,2,,,9.98385764534713
"Jermaine Gresham","TE","ARI",497238,1988-06-16,3.72958333333333,2.12383333333333,4.945,1.5649638352229,34,0.246666666666667,14,6,"30.8","2.9",5.18564818941238
"Jermaine Kearse","WR","SEA",2532887,1990-02-06,10.25125,8.5405,12.541,2.34272766591994,48,0.158541666666666,11,4,"62.3","6.9",7.15639725740041
"Jerome Cunningham","TE","FA",2551359,1991-05-25,0,0,0,0,81,0,25,2,,,3.44540175578131
"Jerome Felton","RB","BUF",230,1986-07-03,0.376666666666667,0.087,0.725,0.377211994624891,93,0.0591666666666666,30,8,"80.1","5.7",5.38516663758779
"Jerome Simpson","WR","FA",318,1986-02-04,0,0,0,,137,0,28,8,,,
"Jerricho Cotchery","WR","FA",2506004,1982-06-16,0,0,0,,137,0,28,12,,,
"Jerrod Johnson","QB","DAL",2495181,1988-07-27,0,0,0,0,50,0,25,5,,,4.19965985727146
"Jesse James","TE","PIT",2552633,1994-06-04,0,0,0,0,81,0,25,1,,,3.44540175578131
"Jets","DST","NYJ",100024,,10.5666666666667,8.64,13.04,2.99388265189759,1,0.300000000000001,1,46,"5.4","3.0",6.29932000337454
"Jim Dray","TE","FA",497226,1986-12-31,0,0,0,0,81,0,25,6,,,3.44540175578131
"Jimmy Clausen","QB","FA",497108,1988-09-21,0,0,0,0,50,0,25,6,,,4.19965985727146
"Jimmy Garoppolo","QB","NE",2543801,1991-11-02,0.228,0.1212,0.366,0.167248318377196,40,0.00524999999999998,19,2,,,4.38598760414345
"Jimmy Graham","TE","SEA",497236,1986-11-24,14.3441666666667,12.239,16.8966666666667,2.63154844572967,4,2.13520833333333,1,6,"2.4","0.9",9.50344198749671
"Joe Banyard","RB","JAC",2535696,1988-11-22,0,0,0,0,105,0,32,4,,,3.78388194861086
"Joe Callahan","QB","CLE",2556492,1993-06-04,0,0,0,0,50,0.370666666666667,25,0,,,4.19965985727146
"Joe Flacco","QB","BAL",382,1985-01-16,0,0,0,0,50,0,25,8,,,4.19965985727146
"Joe Webb","QB","CAR",1037347,1986-11-14,0,0,0,,50,0,25,6,,,
"Joey Iosefa","RB","FA",2552634,1991-06-19,0,0,0,0,105,0,32,1,,,3.78388194861086
"John Brown","WR","ARI",2543847,1990-04-03,12.2583333333333,10.167,13.3265,1.75137902015018,34,0.299583333333333,9,2,,,7.11723800174239
"John Crockett","RB","GB",2553511,1992-02-16,0,0,0,0,105,0,32,1,,,3.78388194861086
"John Kuhn","RB","NO",2506147,1982-09-09,2.37875,1.2745,3.2,1.09398640302336,70,0.14,24,10,"70.8","5.8",5.97048855668341
"John Phillips","TE","DEN",71435,1987-06-11,2.02416666666667,1.03666666666667,3.207,1.43769974457658,50,0.239375,17,7,"50.0","0.0",8.04536047620011
"Johnny Manziel","QB","FA",2543462,1992-12-06,0,0,0,,50,0,25,2,,,
"Joique Bell","RB","FA",497145,1986-08-04,0,0,0,0,105,0,32,6,,,3.78388194861086
"Jonas Gray","RB","FA",2533030,1990-06-27,0,0,0,0,105,0,32,3,,,3.78388194861086
"Jonathan Grimes","RB","HOU",2534770,1989-12-21,1.425,0.285,2.565,2.01525432638166,80,0.0706249999999997,25,4,,,6.68278840652162
"Jonathan Krause","WR","FA",2550216,1992-01-18,0,0,0,0,137,0,28,2,,,3.27119706995192
"Jonathan Stewart","RB","CAR",949,1987-03-21,12.695,10.4255,13.4565,1.77121897761589,22,0.287500000000001,12,8,"17.3","2.4",3.87540789150557
"Jonathan Williams","RB","BUF",2555227,1994-02-02,2.82666666666667,0.854,4.95,2.58069919466282,69,0.517291666666666,24,0,"60.6","6.6",7.52831252905108
"Jordan Cameron","TE","MIA",2495267,1988-08-07,0,0,0,0,81,0,25,5,,,3.44540175578131
"Jordan Gay","K","BUF",2542060,1990-03-29,0,0,0,0,26,0,12,2016,,,2.96111582434564
"Jordan Howard","RB","CHI",2555418,1994-11-02,11.12125,7.484,15.1215,4.365016943457,29,0.281666666666666,13,0,"26.5","4.2",7.4856854971873
"Jordan Matthews","WR","PHI",2543500,1992-07-16,13.42125,10.7405,14.705,2.19248099573672,26,0.309791666666667,8,2,"29.8","4.7",5.83071203106622
"Jordan Norwood","WR","DEN",71417,1986-09-28,5.55208333333333,3.2195,8.79033333333333,3.38361667532768,79,0.0614583333333343,17,7,"82.5","5.7",7.65445611177718
"Jordan Payton","WR","CLE",2555370,1993-09-01,0.55,0.135,0.915,0.499374608885954,125,0.0475,26,0,,,4.36782730474115
"Jordan Reed","TE","WAS",2540160,1990-07-03,15.03,13.575,16.859,2.20645076990175,3,1.56416666666667,1,3,,,8.53054911797005
"Jordan Taylor","WR","DEN",2553606,1992-02-18,0.49,0.49,0.49,,127,0.00625000000000003,26,1,,,
"Jordan Todman","RB","IND",2495472,1990-02-24,0.325,0.07,0.57,0.313249102153542,94,0.05,30,5,,,4.2344850478227
"Jordy Nelson","WR","GB",1032,1985-05-31,16.48125,12.413,18.5045,3.3067062539633,13,0.647499999999999,3,8,"14.5","5.1",7.24758768075434
"Jorvorskie Lane","RB","FA",2536532,1987-02-04,0,0,0,,105,0,32,4,,,
"Joseph Randle","RB","FA",2540171,1991-12-29,0,0,0,,105,0,32,3,,,
"Josh Bellamy","WR","CHI",2535964,1989-05-18,3.185,2.103,4.095,1.33929085713298,94,0.0552083333333333,20,4,"89.8","6.8",5.99013592848438
"Josh Boyce","WR","FA",2540181,1991-05-06,0,0,0,0,137,0,28,3,,,3.27119706995192
"Josh Brown","K","FA",2505459,1979-04-29,0,0,0,0,26,0,12,13,,,2.96111582434564
"Josh Cribbs","WR","FA",2506222,1983-06-09,0,0,0,,137,0,28,11,,,
"Josh Doctson","WR","WAS",2555343,1992-12-03,0,0,0,0,137,0,28,0,,,3.27119706995192
"Josh Ferguson","RB","IND",2556411,1993-05-23,4.43083333333333,3.56833333333333,4.968,0.807205398616458,54,0.0589583333333339,20,0,"61.5","7.2",6.53189729424234
"Josh Freeman","QB","FA",79557,1988-01-13,0,0,0,0,50,0,25,7,,,4.19965985727146
"Josh Gordon","WR","CLE",2537931,1991-04-13,0,0,0,0,137,0,28,4,,,3.27119706995192
"Josh Hill","TE","NO",2541834,1990-05-21,4.59625,1.663,7.3285,3.28387823312619,28,0.317083333333333,13,3,"31.1","2.6",7.04286675256055
"Josh Huff","WR","PHI",2543746,1991-10-14,2.92625,2.3255,3.205,0.49585574179056,101,0.0837500000000002,21,2,"92.0","7.6",5.51542985328873
"Josh Johnson","QB","NYG",264,1986-05-15,0,0,0,0,50,0,24,8,,,4.19965985727146
"Josh Lambo","K","SD",2553833,1990-11-19,8.15193798449612,6.86232558139535,9.90232558139535,2.14597782842548,12,0.373189113674082,6,1,"15.2","4.7",6.95899236600763
"Josh McCown","QB","CLE",2505076,1979-07-04,6.1,0.108,13.356,9.40891067021045,28,5.7185,16,14,,,14.6819244486932
"Josh Robinson","RB","FA",2553462,1992-08-24,0,0,0,,105,0,32,1,,,
"Josh Scobee","K","FA",2506063,1982-06-23,0,0,0,0,26,0,12,12,,,2.96111582434564
"Julian Edelman","WR","NE",238498,1986-05-22,14.22875,11.4135,15.401,2.25836362218311,21,0.139583333333333,7,7,"24.0","5.0",8.3534472803307
"Julio Jones","WR","ATL",2495454,1989-02-03,22.5708333333333,21.075,24.4433333333333,1.88578380403363,2,2.401875,1,5,"1.2","0.7",7.49296458311623
"Julius Thomas","TE","JAC",2495353,1988-06-27,8.22333333333333,7.34133333333333,8.22,0.565351414805183,20,0.388541666666667,9,5,,,4.74835185778348
"Justice Cunningham","TE","FA",2540257,1991-01-14,0,0,0,0,81,0,25,3,,,3.44540175578131
"Justin Blackmon","WR","JAC",2533038,1990-01-09,0,0,0,0,137,0,28,4,,,3.27119706995192
"Justin Forsett","RB","DET",927,1985-10-14,3.64708333333333,1.7085,5.21,1.97266194237352,61,0.295833333333333,20,8,"43.1","6.0",6.74204486873577
"Justin Hardy","WR","ATL",2552418,1991-12-18,5.47583333333333,3.7795,7.0995,1.88939070131676,81,0.256250000000001,18,1,"87.0","7.5",6.98105215070734
"Justin Hunter","WR","BUF",2540151,1991-05-20,7.81,5.2895,11.0225,3.40347616415923,65,0.0283333333333333,15,3,"56.1","5.7",7.67626190197216
"Justin Perillo","TE","GB",2550243,1991-01-05,1.61041666666667,0.29,2.7525,1.32471826145117,53,0.129583333333333,18,2,"49.6","3.4",4.9911705730044
"Justin Tucker","K","BAL",2536340,1989-11-21,0,0,0,,26,0,12,4,,,
"Juwan Thompson","RB","FA",2550263,1992-05-13,0,0,0,0,105,0,32,2,,,3.78388194861086
"KaDeem Carey","RB","CHI",2543551,1992-10-30,5.22333333333333,3.86,6.122,1.25875158611839,52,0.72875,20,2,"37.7","5.1",5.67026348830901
"Kaelin Clay","WR","BAL",2552651,1992-01-03,0,0,0,0,137,0,28,1,,,3.27119706995192
"Kai Forbath","K","FA",2495150,1987-09-02,0,0,0,0,26,0,13,5,,,2.96111582434564
"Kaimi Fairbairn","K","HOU",2556521,1994-01-29,0,0,0,0,26,0,12,0,,,2.96111582434564
"Kain Colter","WR","FA",2550330,1992-05-24,0,0,0,0,137,0,28,2,,,3.27119706995192
"Kamar Aiken","WR","BAL",2530660,1989-05-30,0,0,0,0,137,0,28,5,,,3.27119706995192
"Kapri Bibbs","RB","DEN",2550542,1993-01-10,5.475,2.817,6.889,2.63238168458401,50,0.134166666666666,20,2,"52.7","7.3",7.91442711875765
"Karlos Williams","RB","FA",2552380,1993-05-04,0,0,0,0,105,0,32,1,,,3.78388194861086
"Kasen Williams","WR","FA",2554138,1992-05-20,0,0,0,,137,0,28,1,,,
"Keenan Allen","WR","SD",2540154,1992-04-27,0,0,0,0,137,0,28,3,,,3.27119706995192
"Keith Marshall","RB","WAS",2555459,1994-02-16,0,0,0,0,105,0,32,0,,,3.78388194861086
"Keith Mumphery","WR","HOU",2552420,1992-06-05,0.485,0.425,0.553,0.0818535277187245,128,0.0312500000000001,26,1,,,3.45094800586907
"Keith Wenning","QB","FA",2543784,1991-02-14,0,0,0,0,50,0,25,2,,,4.19965985727146
"Kellen Clemens","QB","SD",2506895,1983-06-06,-0.512666666666667,-1.3576,0.1224,1.03057330323143,111,,25,10,,,5.34779936289244
"Kellen Davis","TE","NYJ",2507486,1985-10-11,0.275,0.074,0.462,0.244386988196999,76,0.0175,24,8,,,4.00863383208028
"Kellen Moore","QB","DAL",2532917,1989-07-12,0,0,0,0,50,0,25,4,,,4.19965985727146
"Kelvin Benjamin","WR","CAR",2543471,1991-02-05,13.7158333333333,11.4933333333333,14.289,1.64378543476804,25,0.401249999999999,8,2,"18.7","4.2",5.0347900238428
"Kenbrell Thompkins","WR","FA",2539214,1988-07-29,0,0,0,0,137,0,28,3,,,3.27119706995192
"Kendall Gaskins","RB","FA",2541778,1990-11-04,0,0,0,0,105,0,32,3,,,3.78388194861086
"Kendall Hunter","RB","NO",2495172,1988-09-16,0,0,0,0,105,0,32,5,,,3.78388194861086
"Kendall Wright","WR","TEN",2532977,1989-11-12,8.81625,6.6085,11.851,3.11045917028338,54,0.200416666666666,13,4,"53.1","5.3",7.1610758813932
"Kenjon Barner","RB","PHI",2539289,1989-04-28,1.92,1.352,2.336,0.642151332112091,77,0.28,25,3,"65.6","7.6",6.69233761311979
"Kennard Backman","TE","FA",2553292,1993-02-26,0,0,0,0,81,0,25,1,,,3.44540175578131
"Kenneth Dixon","RB","BAL",2555229,1994-01-21,0,0,0,0,105,0,32,0,,,3.78388194861086
"Kenneth Farrow","RB","SD",2556801,1993-03-07,3.07,1.975,3.843,1.19700668335645,66,0.112291666666666,22,0,"70.2","6.2",6.32373889588286
"Kenny Britt","WR","LA",71217,1988-09-19,0,0,0,0,137,0,28,7,,,3.27119706995192
"Kenny Hilliard","RB","FA",2552476,1991-10-31,0,0,0,0,105,0,32,1,,,3.78388194861086
"Kenny Stills","WR","MIA",2540202,1992-04-22,0,0,0,,137,0,28,3,,,
"Kenyan Drake","RB","MIA",2555230,1994-01-26,0,0,0,0,105,0,32,0,,,3.78388194861086
"Kerwynn Williams","RB","ARI",2539980,1991-06-09,0,0,0,0,105,0,32,3,,,3.78388194861086
"Keshawn Martin","WR","SF",2532900,1990-03-15,0,0,0,0,137,0,28,4,,,3.27119706995192
"Kevin Hogan","QB","CLE",2555263,1992-10-20,8.55208333333333,0.0135,17.1063333333333,9.74445914495914,27,5.29058333333333,15,0,"26.2","1.6",8.5533494859082
"Kevin Norwood","WR","CAR",2543689,1989-09-23,0,0,0,,137,0,28,2,,,
"Kevin Smith","WR","SEA",2550733,1991-12-21,0,0,0,,137,0,28,2,,,
"Kevin White","WR","CHI",2553432,1992-06-25,0,0,0,,137,0,28,1,,,
"Khari Lee","TE","DET",2553552,1992-01-16,0.3775,0.3475,0.4075,0.0530330085889911,72,0.0225000000000001,23,1,,,3.56762549510691
"Khiry Robinson","RB","FA",2542022,1989-12-28,0,0,0,0,105,0,32,3,,,3.78388194861086
"Kirk Cousins","QB","WAS",2532820,1988-08-19,20.5291666666667,18.0375,22.3635,2.39935581632515,18,0.551458333333333,8,4,"14.0","2.8",6.78163729472606
"Knile Davis","RB","GB",2540178,1991-10-05,5.45833333333333,2.0445,8.86283333333333,3.66329162851602,51,0.567500000000001,20,3,"35.8","6.0",7.9580147964356
"Knowshon Moreno","RB","FA",79619,1987-07-16,0,0,0,0,105,0,32,7,,,3.78388194861086
"Kolby Listenbee","WR","BUF",2555350,1994-01-25,0,0,0,0,137,0,28,0,,,3.27119706995192
"Kyle Brindza","K","FA",2553497,1993-01-13,0,0,0,,26,0,12,1,,,
"Kyle Juszczyk","RB","BAL",2540230,1991-04-23,0,0,0,0,105,0,32,3,,,3.78388194861086
"Kyle Rudolph","TE","MIN",2495438,1989-11-09,10.38,8.7815,10.6745,1.09181042310467,12,0.261875000000002,4,5,"6.8","2.7",4.55805014005604
"LaMichael James","RB","FA",2533036,1989-10-22,0,0,0,,105,0,32,4,,,
"LaVon Brazill","WR","FA",2532802,1989-03-15,0,0,0,,137,0,28,4,,,
"Lache Seastrunk","RB","FA",2543559,1991-07-29,0,0,0,,105,0,32,2,,,
"Ladarius Green","TE","PIT",2532853,1990-05-29,0,0,0,0,81,0,25,4,,,3.44540175578131
"Lamar Miller","RB","HOU",2533034,1991-04-25,20.7158333333333,18.484,21.785,1.80640911448345,5,0.45333333333334,4,4,,,6.38236839225847
"Lance Dunbar","RB","DAL",2535708,1990-01-25,7.09,4.974,9.174,2.7048582834103,38,0.113958333333334,17,4,,,7.67477107504192
"Lance Kendricks","TE","LA",2495187,1988-01-30,0,0,0,0,81,0,25,5,,,3.44540175578131
"Lance Moore","WR","FA",2506287,1983-08-31,0,0,0,,137,0,28,11,,,
"Landry Jones","QB","PIT",2539287,1989-04-04,0,0,0,0,50,0,25,3,,,4.19965985727146
"Laquon Treadwell","WR","MIN",2555214,1995-06-14,0.815,0.539,1.099,0.350428309358705,119,0.0562499999999999,25,0,,,4.04074015910925
"Larry Donnell","TE","NYG",2537933,1988-11-01,0,0,0,0,81,0,25,4,,,3.44540175578131
"Larry Fitzgerald","WR","ARI",2506106,1983-08-31,16.8391666666667,13.5041666666667,18.267,2.60917198977419,12,0.638541666666669,3,12,"8.2","3.5",8.67415202789054
"Latavius Murray","RB","OAK",2541161,1990-01-18,13.8258333333333,12.393,15.4273333333333,1.79777099641627,17,0.415416666666665,10,3,"17.8","3.7",4.45281307899691
"LeGarrette Blount","RB","NE",497149,1986-12-05,15.5425,13.5275,17.6335,2.29861733802446,13,0.354583333333334,7,6,"11.1","2.7",4.46409979416144
"LeSean McCoy","RB","BUF",79607,1988-07-12,4.15875,-0.07,9.6905,5.58522362279852,58,0.405625000000001,20,7,,,11.8181238887222
"LeVeon Bell","RB","PIT",2540175,1992-02-18,0,0,0,0,105,0,32,3,,,3.78388194861086
"Lee Smith","TE","OAK",2495347,1987-11-21,0,0,0,,81,0,25,5,,,
"Leonard Hankerson","WR","FA",2495158,1988-05-07,0,0,0,0,137,0,28,5,,,3.27119706995192
"Leonte Carroo","WR","MIA",2555215,1994-01-24,0,0,0,0,137,0,28,0,,,3.27119706995192
"Levine Toilolo","TE","ATL",2540203,1991-07-30,2.9575,1.064,4.637,1.91948560817736,40,0.184166666666666,15,3,"35.4","3.5",8.06516012257558
"Lions","DST","DET",100010,,8.23333333333333,6.14,10.94,3.28075194632775,7,0.0500000000000007,6,46,"13.9","3.2",6.75474904320474
"Logan Paulsen","TE","CHI",2507828,1987-02-26,0.39,0.099,0.639,0.349535405931931,71,0.01625,23,6,"46.4","4.7",4.73227605648635
"Logan Thomas","QB","FA",2543767,1991-07-01,0,0,0,,50,0,25,2,,,
"Lorenzo Taliaferro","RB","BAL",2543704,1991-12-23,0,0,0,,105,0,32,2,,,
"Louis Murphy","WR","TB",80670,1987-05-11,0,0,0,0,137,0,28,7,,,3.27119706995192
"Lucky Whitehead","WR","DAL",2553621,1992-06-02,0.7675,0.5565,1.0285,0.314235182626007,120,0.0275,25,1,,,3.96125979234575
"Luke McCown","QB","NO",2506053,1981-07-12,0.238,0.0828,0.4188,0.217191160041103,37,0.00724999999999998,19,12,,,4.44162784764433
"Luke Stocker","TE","TB",2495234,1988-07-17,0.58,0.441,0.717,0.172554339267374,64,0.0512499999999999,21,5,,,3.8430830705558
"Luke Willson","TE","SEA",2541199,1990-01-15,2.365,2.365,2.365,,46,0.13375,16,3,,,
"Malcolm Brown","RB","LA",2552382,1993-05-15,0,0,0,0,105,0,32,1,,,3.78388194861086
"Malcolm Johnson","RB","FA",2553446,1992-08-11,0.6125,0.208,0.656,0.290645832586672,88,0.0675000000000001,29,1,,,4.20197065831885
"Malcolm Mitchell","WR","NE",2555216,1993-07-20,2.835,2.096,3.156,0.663645236553386,103,0.370208333333333,21,0,"90.3","8.1",6.98934536878451
"MarQueis Gray","TE","MIA",2540259,1990-11-07,0,0,0,0,81,0,25,3,,,3.44540175578131
"Marc Mariani","WR","TEN",1037885,1987-05-02,0.15,0,0.36,0.259807621135332,134,0.0379166666666667,27,6,,,3.84173647563231
"Marcedes Lewis","TE","JAC",2495888,1984-05-19,3.545,2.66,4.326,0.939556633027869,35,0.188541666666667,14,10,"34.8","3.7",4.58851784297026
"Marcel Jensen","TE","WAS",2550356,1990-02-12,0,0,0,0,81,0,25,2,,,3.44540175578131
"Marcel Reece","RB","FA",4433,1985-06-23,0,0,0,0,105,0,32,8,,,3.78388194861086
"Marcus Easley","WR","BUF",497286,1987-11-02,0,0,0,0,137,0,28,6,,,3.27119706995192
"Marcus Mariota","QB","TEN",2552466,1993-10-30,20.0041666666667,18.236,21.239,1.74039826221216,19,0.094375000000003,9,1,"13.5","2.9",6.70454689845941
"Marcus Murphy","RB","NO",2552647,1991-10-03,0.1725,0.035,0.255,0.139194109070751,101,0.0591666666666667,31,1,,,3.98411012646711
"Mario Alford","WR","FA",2552650,1992-02-25,0,0,0,0,137,0,28,1,,,3.27119706995192
"Marion Grice","RB","FA",2543690,1992-07-19,0,0,0,0,105,0,32,2,,,3.78388194861086
"Mark Ingram","RB","NO",2495466,1989-12-21,16.5575,14.455,19.404,3.09659355851986,10,0.635416666666668,6,5,"15.6","2.4",4.82867142788307
"Mark Sanchez","QB","DAL",79858,1986-11-11,-0.361666666666667,-1.12,0.24,0.907377172587747,107,0.0295,25,7,,,5.21054920893625
"Markus Wheaton","WR","PIT",2539291,1991-02-07,0,0,0,,137,0,28,3,,,
"Marlon Brown","WR","FA",2540005,1991-04-22,0,0,0,0,137,0,28,3,,,3.27119706995192
"Marlon Moore","WR","FA",2507902,1987-09-03,0,0,0,,137,0,28,6,,,
"Marqise Lee","WR","JAC",2543475,1991-11-25,10.2608333333333,8.517,12.7133333333333,2.64451686408774,47,0.0410416666666684,11,2,"45.5","5.9",6.97189006427537
"Marques Colston","WR","FA",2495821,1983-06-05,0,0,0,0,137,0,28,10,,,3.27119706995192
"Marquess Wilson","WR","CHI",2540177,1992-09-14,0,0,0,,137,0,28,3,,,
"Marquise Goodwin","WR","BUF",2539964,1990-11-19,7.78541666666667,4.719,9.9135,2.83587251417737,66,0.0904166666666661,15,3,,,9.49879351902348
"Marshall Koehn","K","FA",2556577,1992-08-29,0,0,0,0,26,,12,0,,,2.96111582434564
"Marshaun Coprich","RB","FA",2556507,1994-08-10,0,0,0,0,105,0,32,0,,,3.78388194861086
"Marshawn Lynch","RB","FA",2495663,1986-04-22,0,0,0,0,105,0,32,9,,,3.78388194861086
"Martavis Bryant","WR","PIT",2543572,1991-12-20,0,0,0,0,137,0,28,2,,,3.27119706995192
"Martellus Bennett","TE","NE",1062,1987-03-10,9.95208333333333,8.477,11.5028333333333,1.74862664365178,14,0.623749999999999,4,8,"10.2","2.9",5.39728954088834
"Marvin Jones","WR","DET",2532884,1990-03-12,13.9216666666667,11.7406666666667,14.9695,1.78311856183361,24,0.353125,7,4,,,7.18693826368812
"Mason Crosby","K","GB",2507232,1984-09-03,9.75144927536232,7.63,12.3534782608696,3.13016630289924,6,0.283079710144928,3,9,"4.9","2.5",5.37093279052936
"Matt Asiata","RB","MIN",2495258,1987-07-24,11.91875,9.17,13.7405,2.48153304430951,27,0.708541666666665,13,5,"23.7","4.9",6.47994937381901
"Matt Barkley","QB","CHI",2539308,1990-09-08,-0.402666666666667,-1.09,0.1116,0.839286204660444,109,0.07,25,3,,,5.13469052910418
"Matt Blanchard","QB","FA",2536006,1989-03-21,0,0,0,,50,0,25,4,,,
"Matt Bryant","K","ATL",2504797,1975-05-29,6.52222222222222,3.18,9.31333333333333,4.01474135507484,20,0.641904761904762,10,14,"4.3","2.7",6.24899280230618
"Matt Cassel","QB","TEN",2506562,1982-05-17,0.2295,0.1206,0.3654,0.167955351209778,39,0.00250000000000003,19,11,,,4.38677529418385
"Matt Flynn","QB","NO",367,1985-06-20,0,0,0,0,50,0,25,8,,,4.19965985727146
"Matt Forte","RB","NYJ",234,1985-12-10,19.5908333333333,18.224,21.1383333333333,1.68812930652707,8,1.85125,4,8,"8.9","2.5",3.8854348924556
"Matt Hazel","WR","FA",2543792,1992-01-23,0,0,0,0,137,0,28,2,,,3.27119706995192
"Matt Jones","RB","WAS",2552635,1992-11-17,13.2725,10.7705,15.8425,2.84700573702735,19,0.184999999999999,11,1,,,7.87924758496506
"Matt LaCosse","TE","NYG",2553667,1992-09-21,0,0,0,,81,0,25,1,,,
"Matt McGloin","QB","OAK",2542065,1989-12-02,0.246,0.0756,0.4596,0.257581055203988,35,0.00624999999999998,19,3,,,4.48662535933903
"Matt Moore","QB","MIA",2507282,1984-08-09,0,0,0,0,50,0,25,9,,,4.19965985727146
"Matt Prater","K","DET",2506677,1984-08-10,9.09130434782609,6.91565217391304,12.0634782608696,3.65042142218488,9,0.46884587606529,4,10,"12.3","3.3",6.22295093444013
"Matt Ryan","QB","ATL",310,1985-05-17,24.3545833333333,23.2555,26.17,1.60718374286618,3,0.235833333333332,2,8,"2.4","1.6",4.02056791279447
"Matt Schaub","QB","ATL",2505982,1981-06-25,0.27,0.1224,0.4632,0.234767970558166,34,0.0262500000000001,18,12,,,4.46120979341585
"Matt Simms","QB","FA",2534889,1988-09-27,0,0,0,0,50,0,25,4,,,4.19965985727146
"Matt Slater","WR","NE",4487,1985-09-09,0,0,0,0,137,0,28,8,,,3.27119706995192
"Matt Spaeth","TE","FA",2507182,1984-11-24,0,0,0,,81,0,25,9,,,
"Matthew Mulligan","TE","FA",2507405,1985-01-18,0,0,0,0,81,0,25,8,,,3.44540175578131
"Matthew Stafford","QB","DET",79860,1988-02-07,21.19625,20.549,21.9425,0.778849311484577,15,0.321041666666666,7,7,"10.6","2.5",5.00902718484211
"Maxx Williams","TE","BAL",2552468,1994-04-12,0,0,0,,81,0,25,1,,,
"Mekale McKay","WR","FA",2556392,1993-08-04,0,0,0,0,137,0,28,0,,,3.27119706995192
"Melvin Gordon","RB","SD",2552469,1993-04-13,16.0291666666667,14.196,16.601,1.3221625803542,11,0.350416666666664,7,1,"10.7","2.4",3.55242818791517
"Michael Burton","RB","DET",2552636,1992-02-01,0.155,0.028,0.288,0.163018403869011,102,0.0941666666666667,31,1,,,4.01838093841463
"Michael Campanaro","WR","FA",2550163,1991-01-25,0,0,0,0,137,0,28,2,,,3.27119706995192
"Michael Crabtree","WR","OAK",71269,1987-09-14,14.73875,11.695,16.1935,2.42806636029578,19,0.315833333333334,7,7,"11.4","3.8",4.86418766484521
"Michael Dyer","RB","FA",2553797,1990-10-13,0,0,0,,105,0,32,1,,,
"Michael Floyd","WR","ARI",2532841,1989-11-27,10.5608333333333,9.707,10.41,0.379359840901602,43,0.132083333333334,11,4,,,4.10427401057895
"Michael Hoomanawanui","TE","NO",497246,1988-07-04,0,0,0,0,81,0,25,6,,,3.44540175578131
"Michael Thomas","WR","NO",2556370,1994-08-16,12.76375,10.0475,16.639,3.93354245559902,30,0.0922916666666644,8,0,"28.8","4.2",7.54895147166447
"Michael Vick","QB","FA",2504531,1980-06-26,0,0,0,,50,0,25,15,,,
"Michael Williams","TE","FA",2539197,1990-09-08,0,0,0,,81,0,25,3,,,
"Mike Davis","RB","SF",2553439,1993-02-19,0,0,0,0,105,0,32,1,,,3.78388194861086
"Mike Evans","WR","TB",2543468,1993-08-21,22.9845833333333,22.1248333333333,23.81,0.924334971148928,1,1.53645833333334,1,2,"2.0","0.7",6.4372903051465
"Mike Gillislee","RB","BUF",2539663,1990-11-01,12.3804166666667,7.31666666666667,14.9185,4.73901133911096,25,0.363958333333333,12,3,,,10.6008630091241
"Mike Glennon","QB","TB",2539275,1989-12-12,-0.379666666666667,-1.2316,0.2436,1.03644456356012,108,0.038,25,3,,,5.35434040748385
"Mike James","RB","FA",2540224,1991-04-13,0,0,0,0,105,0,32,3,,,3.78388194861086
"Mike Nugent","K","CIN",2506386,1982-03-02,7.56881720430108,6.87870967741936,8.40903225806452,1.01015825576967,16,0.538573115819001,8,11,"11.2","3.4",4.21382877664294
"Mike Thomas","WR","LA",2556381,1994-08-16,0,0,0,,137,0,28,0,,,
"Mike Tolbert","RB","CAR",2507428,1985-11-23,3.15041666666667,2.52666666666667,3.4145,0.486084840559981,63,0.0354166666666664,22,8,"69.6","6.9",6.16135729927551
"Mike Wallace","WR","BAL",2507763,1986-08-01,0,0,0,0,137,0,28,7,,,3.27119706995192
"Mike Williams","WR","FA",2508048,1987-05-18,0,0,0,,137,0,28,6,,,
"Miles Austin","WR","FA",2495801,1984-06-30,0,0,0,,137,0,28,10,,,
"Mitchell Henry","TE","FA",2553773,1992-12-11,0,0,0,0,81,0,25,1,,,3.44540175578131
"Mohamed Sanu","WR","ATL",2533040,1989-08-22,11.81875,9.675,13.4375,2.19102097586186,36,0.106250000000001,9,4,"44.1","4.7",5.82910892399023
"Montee Ball","RB","FA",2539341,1990-12-05,0,0,0,0,105,0,32,3,,,3.78388194861086
"MyCole Pruitt","TE","MIN",2552401,1992-03-24,0.6925,0.5585,0.8265,0.236880771697493,61,0.0974999999999999,21,1,,,3.99133445810232
"Mychal Rivera","TE","OAK",2539995,1990-09-08,2.17416666666667,1.523,2.478,0.556519441609086,48,0.143125,17,3,"37.0","4.7",4.97079130853653
"Myles White","WR","FA",2541905,1990-03-30,0,0,0,,137,0,28,3,,,
"Nate Washington","WR","FA",2506313,1983-08-28,0,0,0,,137,0,28,11,,,
"Nathan Palmer","WR","FA",2535681,1989-04-14,0,0,0,,137,0,28,4,,,
"Neal Sterling","TE","JAC",2553451,1992-01-14,0.525,0.105,0.945,0.742462120245875,66,0.045,21,1,,,5.15653410633971
"Nelson Agholor","WR","PHI",2552600,1993-05-24,8.1775,6.457,9.5735,1.81845344088505,59,0.0741666666666667,15,1,"67.8","6.2",6.25832176025355
"Nelson Spruce","WR","LA",2556686,1992-12-05,0,0,0,,137,0,28,0,,,
"Nic Jacobs","TE","FA",2550355,1991-10-13,0,0,0,0,81,0,25,2,,,3.44540175578131
"Nick Boyle","TE","BAL",2552402,1993-02-17,0,0,0,0,81,0,25,1,,,3.44540175578131
"Nick Foles","QB","KC",2532842,1989-01-20,0.3135,0.1578,0.4842,0.208544959181468,31,0.00874999999999998,18,4,,,4.43199530161451
"Nick Folk","K","NYJ",2507225,1984-11-05,9.87843137254902,7.52705882352941,12.4211764705882,3.08675781650624,5,0.228540068201195,3,9,"18.2","3.4",5.86305768310993
"Nick Novak","K","HOU",2506194,1981-08-21,10.0913333333333,8.5148,12.2748,2.69243854773574,4,0.276393009377664,2,2016,"15.5","4.2",7.12968987942551
"Nick OLeary","TE","BUF",2552403,1992-08-31,1.49666666666667,0.956,2.02,0.624179461373089,54,0.283333333333333,18,1,"33.6","3.4",4.18391416830189
"Nick Toon","WR","FA",2532960,1988-11-04,0,0,0,,137,0,28,4,,,
"Nick Vannett","TE","SEA",2555289,1993-03-06,0.961666666666667,0.663,1.205,0.319017589205082,56,0.164166666666667,19,0,,,4.18063295802122
"Nick Williams","WR","FA",2540279,1990-11-23,0,0,0,0,137,0,28,3,,,3.27119706995192
"Nikita Whitlock","RB","NYG",2550270,1991-05-16,0,0,0,,105,0,32,2,,,
"Niles Paul","TE","WAS",2495211,1989-08-09,1.84458333333333,0.5335,3.62,1.90872430492783,51,0.176875,17,5,"37.0","4.5",8.83523760979859
"Odell Beckham","WR","NYG",2543496,1992-11-05,0,0,0,0,137,0,28,2,,,3.27119706995192
"Orleans Darkwa","RB","NYG",2550481,1992-02-28,0,0,0,0,105,0,32,2,,,3.78388194861086
"Orson Charles","TE","DET",2533047,1991-01-27,0,0,0,0,81,0,25,4,,,3.44540175578131
"Owen Daniels","TE","FA",2495825,1982-11-09,0,0,0,0,81,0,25,10,,,3.44540175578131
"Packers","DST","GB",100011,,6.46666666666667,4.42,6.82,1.53948043183407,20,0.083333333333333,13,46,"18.8","3.6",4.61752155011087
"Panthers","DST","CAR",100004,,8.13333333333333,6.56,8.32,1.17189305541646,9,0.575000000000001,8,46,"11.7","4.3",7.11563932843181
"Patrick DiMarco","RB","ATL",2530763,1989-04-30,1.28375,0.52,2.12,0.967014305306114,82,0.248125,25,5,"72.7","6.2",6.15831898305294
"Patrick Murray","K","CLE",2543533,1991-06-22,0,0,0,0,26,0,12,2,,,2.96111582434564
"Patriots","DST","NE",100021,,9.06666666666667,6.4,8,1.15470053837925,4,0.383333333333333,3,46,"4.2","2.1",6.18716266961984
"Paul Perkins","RB","NYG",2555460,1994-11-16,0,0,0,0,105,0,32,0,,,3.78388194861086
"Paul Richardson","WR","SEA",2543491,1992-04-13,2.975,2.718,2.826,0.0687386354243375,100,0.0868750000000005,21,2,"97.6","3.5",5.88474706388752
"Paxton Lynch","QB","DEN",2555316,1994-02-12,0.423,0.0996,0.8652,0.543248561894093,29,0.09625,17,0,,,4.8048813716719
"Percy Harvin","WR","FA",80425,1988-05-28,0,0,0,,137,0,28,7,,,
"Peyton Barber","RB","TB",2556466,1994-06-27,8.17875,5.102,11.1285,3.25615155001524,36,0.823541666666668,16,0,"42.5","5.2",7.1766636168397
"Pharoh Cooper","WR","LA",2555419,1995-03-07,0,0,0,0,137,0,28,0,,,3.27119706995192
"Phil Dawson","K","SF",2500351,1975-01-23,0,0,0,0,26,0,12,18,,,2.96111582434564
"Philip Rivers","QB","SD",2506121,1981-12-08,16.63625,15.345,18.2205,1.60859863960322,26,9.31020833333333,14,12,"19.0","3.4",7.21107895526717
"Phillip Dorsett","WR","IND",2552424,1993-01-05,8.35,2.705,10.685,4.60805454250128,57,0.161041666666669,14,1,,,13.3905180064692
"Phillip Supernaw","TE","TEN",2535535,1990-01-30,0.44,0.149,0.729,0.362525861146484,69,0.045,23,4,"51.5","4.5",7.05349676040607
"Pierre Garcon","WR","WAS",2346,1986-08-08,10.1883333333333,9.063,10.619,0.84805005093384,49,0.402916666666666,12,8,"47.2","5.3",4.67694252780072
"Pierre Thomas","RB","FA",2507141,1984-12-18,0,0,0,,105,0,32,9,,,
"Preston Parker","WR","FA",497312,1987-02-13,0,0,0,,137,0,28,6,,,
"Quan Bray","WR","IND",2553467,1993-04-28,0,0,0,0,137,0,28,1,,,3.27119706995192
"Quincy Enunwa","WR","NYJ",2543828,1992-05-31,11.76875,8.904,13.3565,2.4202285532569,37,0.224791666666667,10,2,"32.2","4.7",6.08077966869923
"Quinton Patton","WR","SF",2539250,1990-08-09,0,0,0,,137,0,28,3,,,
"Raheem Mostert","RB","FA",2553728,1992-04-09,0.1825,0.005,0.297,0.203899485041037,100,0.01875,31,1,,,4.07718762532483
"Raiders","DST","OAK",100018,,7.1,6.22,7.26,0.7,13,0.216666666666667,11,46,"15.1","3.4",2.89589124778083
"Rajion Neal","RB","CLE",2550233,1992-03-28,0,0,0,0,105,0,32,2,,,3.78388194861086
"Rams","DST","LA",100017,,0,0,0,,27,0,19,46,,,
"Randall Cobb","WR","GB",2495448,1990-08-22,18.78125,15.4705,22.913,4.22510034397606,5,1.29729166666666,2,5,"11.8","3.9",7.67563077520262
"Randall Telfer","TE","CLE",2552660,1992-05-16,0.37,0.092,0.612,0.334215499341368,73,0.05,23,1,,,4.21565917011466
"Randy Bullock","K","FA",2533444,1989-12-16,0,0,0,0,26,0,12,4,,,2.96111582434564
"Rannell Hall","WR","CLE",2553716,1993-01-30,0,0,0,,137,0,28,1,,,
"Rashad Greene","WR","JAC",2552425,1992-09-23,0.945,0.577,1.377,0.518844870842914,116,0.078125,24,1,,,4.4105841401135
"Rashad Jennings","RB","NYG",71345,1985-03-26,0,0,0,0,105,0,32,7,,,3.78388194861086
"Rashad Ross","WR","WAS",2541940,1990-02-02,0.565,0.11,1.026,0.572647360947381,124,0.0325,26,3,"98.3","13.1",6.24458835068771
"Rashard Higgins","WR","CLE",2555468,1994-10-07,3.095,2.342,3.602,0.855175420600943,96,0.0354166666666669,20,0,"91.8","5.5",4.74925031165904
"Rasheed Bailey","WR","SD",2553692,1993-07-29,0,0,0,,137,0,28,1,,,
"Ravens","DST","BAL",100002,,0,0,0,,27,0,19,46,,,
"Ray Rice","RB","FA",941,1987-01-22,0,0,0,0,105,0,32,8,,,3.78388194861086
"Redskins","DST","WAS",100032,,6.65,6.07,6.63,0.494974746830583,17,0.116666666666667,12,46,"18.1","2.5",2.3522336375855
"Reggie Bush","RB","BUF",2506874,1985-03-02,2.88541666666667,0.4455,5.805,3.03612611819001,68,0.282708333333333,23,10,"50.4","6.0",7.50693174347739
"Rex Burkhead","RB","CIN",2539265,1990-07-02,0.575,0.199,1.047,0.569297813099611,89,0.0625000000000001,29,3,"74.9","5.6",5.45353411802109
"Rhett Ellison","TE","MIN",2532835,1988-10-03,0.835,0.552,1.188,0.425411565428116,57,0.085,19,4,,,4.42583627500591
"Ricardo Lockette","WR","FA",2495306,1986-05-21,0,0,0,0,137,0,28,5,,,3.27119706995192
"Ricardo Louis","WR","CLE",2555473,1994-03-23,7.06083333333333,4.5595,8.8575,2.33014007685756,71,0.164375000000001,16,0,"71.9","6.6",7.01360783466656
"Richard Rodgers","TE","GB",2550313,1992-01-22,7.07,5.712,7.272,1.03184301131519,24,0.337291666666666,11,2,"24.3","2.1",7.00111413059805
"Riley Cooper","WR","FA",497282,1987-09-09,0,0,0,0,137,0,28,6,,,3.27119706995192
"Rishard Matthews","WR","TEN",2532903,1989-10-12,9.06208333333333,6.636,12.5238333333333,3.55616766649468,52,0.164375,12,4,"50.2","4.8",7.39252900466891
"Rob Gronkowski","TE","NE",497240,1989-05-14,15.36,12.9845,16.3075,1.8205264806277,1,0.281041666666667,1,6,"1.1","0.3",8.52768874349242
"Rob Housler","TE","FA",2508112,1988-03-17,0,0,0,0,81,0,25,5,,,3.44540175578131
"Rob Kelley","RB","WAS",2556414,1992-10-03,6.91,3.885,9.089,3.5999317123153,41,0.0964583333333335,17,0,,,8.96231781759912
"Robbie Gould","K","NYG",2506264,1982-12-06,0,0,0,0,26,0,12,11,,,2.96111582434564
"Robby Anderson","WR","NYJ",2556462,1993-05-09,5.76,3.1385,7.2715,2.52646986920486,78,0.231249999999999,17,0,"75.5","5.1",6.39088532286156
"Robert Griffin","QB","CLE",2533033,1990-02-12,0,0,0,0,50,0,25,4,,,4.19965985727146
"Robert Turbin","RB","IND",2533460,1989-12-02,4.39,2.946,5.604,1.43676720452549,55,0.124791666666666,20,4,"53.0","4.9",5.72851110612593
"Robert Woods","WR","BUF",2540169,1992-04-10,9.57375,6.2615,11.585,2.95816771836892,51,0.553125000000001,12,3,,,9.76735466750752
"Roberto Aguayo","K","TB",2555408,1994-05-17,6.90434782608696,3.22260869565217,10.1026086956522,4.42557441296473,18,0.250644122383253,9,0,"18.1","4.9",8.94497413594081
"Rod Smith","RB","DAL",2553743,1992-01-10,0.05,0,0.12,0.0866025403784439,104,0.05,32,1,,,3.90845811762735
"Rod Streater","WR","SF",2535869,1988-02-09,0,0,0,0,137,0,28,4,,,3.27119706995192
"Roddy White","WR","FA",2506366,1981-11-02,0,0,0,,137,0,28,11,,,
"Roger Lewis","WR","NYG",2556592,1993-11-27,0,0,0,0,137,0,28,0,,,3.27119706995192
"Ronnie Hillman","RB","MIN",2533437,1991-09-14,2.04,0.254,4.134,2.51501491049258,73,0.0193750000000001,25,4,"64.2","5.3",6.71339635874042
"Roosevelt Nix","RB","PIT",2550235,1992-03-30,0,0,0,,105,0,32,2,,,
"Roy Helu","RB","FA",2495161,1988-12-07,0,0,0,0,105,0,32,5,,,3.78388194861086
"Rueben Randle","WR","FA",2533533,1991-05-07,0,0,0,0,137,0,28,4,,,3.27119706995192
"Russell Shepard","WR","TB",2541944,1990-11-17,7.61208333333333,5.7755,9.535,2.07886871612637,68,0.272291666666667,15,3,"56.5","8.4",7.44703610204559
"Russell Wilson","QB","SEA",2532975,1988-11-29,25.7008333333333,21.9255,27.3928333333333,3.81532691187065,2,1.35479166666667,1,4,"6.2","2.5",6.70046431018046
"Ryan Fitzpatrick","QB","NYJ",2506581,1982-11-24,22.06125,19.2335,24.204,2.73142934193803,10,0.170416666666668,6,11,"16.2","3.7",8.1265145061916
"Ryan Grant","WR","WAS",2543759,1990-12-19,3.01666666666667,1.77716666666667,4.0555,1.33386864254152,99,0.0660416666666666,20,2,"103.8","2.8",3.34033412200733
"Ryan Griffin","QB","TB",2541185,1989-11-17,0,0,0,0,50,0,25,3,,,4.19965985727146
"Ryan Griffin","TE","HOU",2541316,1990-01-11,4.2375,3.0875,4.8375,1.00922825300656,31,0.203958333333333,13,3,"27.8","2.7",4.4628876940666
"Ryan Hewitt","TE","CIN",2550206,1991-01-24,0.6,0.6,0.6,,62,0.015,21,2,,,
"Ryan Lindley","QB","FA",2532894,1989-06-22,0,0,0,,50,0,25,4,,,
"Ryan Mallett","QB","BAL",2495443,1988-06-05,0,0,0,0,50,0,25,5,,,4.19965985727146
"Ryan Mathews","RB","PHI",497188,1987-10-10,11.0175,8.145,12.55,2.44749702076768,30,0.514374999999999,13,6,"23.5","2.8",4.64096862967745
"Ryan Nassib","QB","NYG",2539961,1990-03-10,0,0,0,0,50,0,25,3,,,4.19965985727146
"Ryan Succop","K","TEN",89802,1986-09-19,8.45809523809524,6.73485714285714,10.1748571428571,2.1500457201277,11,0.416385505106435,6,7,"21.0","2.9",4.94359059313517
"Ryan Tannehill","QB","MIA",2532956,1988-07-27,0,0,0,,50,0,25,4,,,
"Saints","DST","NO",100022,,6.23333333333333,4.42,6.26,1.27410099024109,24,0.733333333333333,17,46,"25.3","1.7",7.38708580425234
"Sam Bradford","QB","MIN",497095,1987-11-08,17.5125,16.712,18.489,0.970442339004916,24,0.44875,13,6,"22.7","2.2",4.24582759175361
"Sammie Coates","WR","PIT",2552470,1993-03-31,0,0,0,0,137,0,28,1,,,3.27119706995192
"Sammy Watkins","WR","BUF",2543457,1993-06-14,0,0,0,,137,0,28,2,,,
"Scott Chandler","TE","FA",2495573,1985-07-23,0,0,0,0,81,0,25,9,,,3.44540175578131
"Scott Tolzien","QB","IND",2495425,1987-09-04,0.232,0.0384,0.4608,0.27477991192953,38,0.00324999999999998,19,5,,,4.50578623493729
"Seahawks","DST","SEA",100030,,7,2.42,8.82,4.38216080642111,14,0.266666666666667,12,46,"8.6","3.0",8.04134080220216
"Sean Mannion","QB","LA",2552576,1992-04-25,0,0,0,0,50,0,25,1,,,4.19965985727146
"Sean McGrath","TE","SD",2535943,1987-12-03,0.25,0,0.6,0.433012701892219,78,0.1075,24,4,"46.0","3.0",4.41663939424159
"Sean Renfree","QB","FA",2540263,1990-04-28,0,0,0,0,50,0,25,3,,,4.19965985727146
"Sebastian Janikowski","K","OAK",2504257,1978-03-02,9.54833333333333,8.109,10.909,1.75826856120825,7,0.308478260869565,3,16,"11.0","3.5",9.89844016655195
"Senorise Perry","RB","FA",2550633,1991-09-19,0,0,0,,105,0,32,2,,,
"Seth Roberts","WR","OAK",2550597,1991-02-22,8.015,6.53,8.402,1.08181175195441,62,0.161875,15,2,"57.7","4.9",4.7401614096606
"Seyi Ajirotutu","WR","PHI",497260,1987-06-12,0,0,0,0,137,0,28,6,,,3.27119706995192
"Shakim Phillips","WR","PIT",2553904,1992-03-19,0,0,0,,137,0,28,1,,,
"Shane Vereen","RB","NYG",2495473,1989-03-02,0,0,0,,105,0,32,5,,,
"Shaq Evans","WR","FA",2543761,1991-03-07,0,0,0,,137,0,28,2,,,
"Shaun Draughn","RB","SF",2495461,1987-12-07,0,0,0,0,105,0,32,5,,,3.78388194861086
"Shaun Hill","QB","MIN",2504833,1980-01-09,0.2195,0.1908,0.2364,0.0320780298646909,42,0.0225,19,2016,,,4.23539729897955
"Shaun Suisham","K","FA",2506149,1981-12-29,0,0,0,0,26,0,12,2016,,,2.96111582434564
"Shayne Graham","K","FA",2504162,1977-12-09,0,0,0,0,26,0,12,2016,,,2.96111582434564
"Silas Redd","RB","WAS",2550529,1992-03-01,0,0,0,0,105,0,32,2,,,3.78388194861086
"Spencer Ware","RB","KC",2540204,1991-11-23,20.2616666666667,19.0555,21.1045,1.19359633973225,7,1.00541666666666,4,3,"3.5","1.2",4.2974199325869
"Stedman Bailey","WR","LA",2540157,1990-11-11,0,0,0,0,137,0,28,3,,,3.27119706995192
"Steelers","DST","PIT",100027,,0,0,0,,27,0,19,46,,,
"Stefon Diggs","WR","MIN",2552608,1993-11-29,13.2079166666667,10.8821666666667,14.494,1.9481317617428,27,0.258749999999999,8,1,"25.9","5.5",5.94932030688231
"Stepfan Taylor","RB","ARI",2539315,1991-06-09,1.12125,0.419,1.5805,0.635431283984875,83,0.23125,26,3,"78.7","3.7",3.61681087953671
"Stephen Anderson","TE","HOU",2556463,1993-01-30,2.46541666666667,1.1485,3.508,1.27472682258679,44,0.0597916666666665,16,0,,,6.38323015776153
"Stephen Gostkowski","K","NE",2506922,1984-01-28,6.78518518518518,3.42,9.22444444444444,4.14482174829062,19,0.498518518518518,9,10,"3.6","2.7",6.35230224564438
"Stephen Hill","WR","FA",2533537,1991-04-25,0,0,0,0,137,0,28,4,,,3.27119706995192
"Stephen Morris","QB","FA",2550376,1992-08-27,0,0,0,0,50,0,25,2,,,4.19965985727146
"Sterling Shepard","WR","NYG",2555295,1993-02-10,0,0,0,,137,0,28,0,,,
"Stevan Ridley","RB","ATL",2495470,1989-01-27,0.95,0,2.28,1.64544826719043,84,0.155,26,5,,,6.1508291599243
"Steve Johnson","WR","SD",768,1986-07-22,0,0,0,0,137,0,28,8,,,3.27119706995192
"Steve Smith","WR","BAL",2504595,1979-05-12,0,0,0,0,137,0,28,15,,,3.27119706995192
"Steven Hauschka","K","SEA",2507374,1985-06-29,11.1057692307692,9.28923076923077,13.6446153846154,3.13934930411613,1,0.766779286965622,1,2016,,,7.94763871276316
"Steven Jackson","RB","NE",2505936,1983-07-22,0,0,0,0,105,0,32,12,,,3.78388194861086
"Storm Johnson","RB","FA",2543570,1992-07-17,0,0,0,0,105,0,32,2,,,3.78388194861086
"T.J. Graham","WR","FA",2532850,1989-07-27,0,0,0,0,137,0,28,4,,,3.27119706995192
"T.J. Jones","WR","FA",2543836,1992-07-19,0,0,0,0,137,0,28,2,,,3.27119706995192
"T.J. Yates","QB","HOU",2508123,1987-05-28,0,0,0,,50,0,25,5,,,
"T.J. Yeldon","RB","JAC",2552471,1993-10-02,10.6616666666667,9.36166666666667,11.179,1.0614403212407,31,0.669375,14,1,"31.5","3.4",3.85342549401719
"T.Y. Hilton","WR","IND",2532865,1989-11-14,20.0125,19.0555,20.726,1.00430220385433,4,1.84416666666667,2,4,"4.5","1.4",6.58957871671873
"Taiwan Jones","RB","OAK",2495467,1988-07-26,0.24,0.049,0.429,0.237539470404394,96,0.04125,31,5,,,4.12557812846741
"Tajae Sharpe","WR","TEN",2555317,1994-12-23,8.06666666666667,6.46566666666667,8.749,1.29337628794648,61,0.126041666666666,15,0,,,6.11146070587398
"Tanner McEvoy","WR","SEA",2556612,1993-01-26,3.67,0.395,6.903,4.24312090329748,91,0.294791666666666,19,0,,,12.5891211085866
"Tarvaris Jackson","QB","FA",2495863,1983-04-21,0,0,0,0,50,0,25,10,,,4.19965985727146
"Tavarres King","WR","NYG",2539235,1990-07-14,0,0,0,0,137,0,28,3,,,3.27119706995192
"Tavon Austin","WR","LA",2539336,1991-03-15,0,0,0,0,137,0,28,3,,,3.27119706995192
"Taylor Gabriel","WR","ATL",2550617,1991-02-17,2.59125,0.87,3.5455,1.68759382455218,104,0.329583333333333,21,2,,,6.97716525318843
"Ted Ginn","WR","CAR",2507166,1985-04-12,8.66125,5.254,12.2675,3.86413072372041,55,0.201041666666667,13,9,"62.9","5.9",8.31103047053762
"Teddy Bridgewater","QB","MIN",2543465,1992-10-10,0,0,0,0,50,0,25,2,,,4.19965985727146
"Temarrick Hemingway","TE","LA",2555486,1993-07-30,0,0,0,0,81,,25,0,,,3.44540175578131
"Terrance West","RB","BAL",2543664,1991-01-21,0,0,0,,105,0,32,2,,,
"Terrance Williams","WR","DAL",2539205,1989-09-18,8.57041666666667,7.5125,9.12866666666667,0.900432380705083,56,0.295208333333333,13,3,"57.5","7.0",7.12037030041394
"Terrelle Pryor","WR","CLE",2531332,1989-06-20,14.6170833333333,10.7283333333333,16.0575,3.32985412176303,20,0.409583333333334,7,5,"21.6","4.2",6.88609950893554
"Terron Ward","RB","ATL",2553762,1992-02-15,3.8425,0.705,6.284,3.01394951295914,59,0.187083333333333,20,1,"54.3","5.7",7.28161596402064
"Tevaun Smith","WR","IND",2556399,1993-01-30,0.825,0.165,1.485,1.1667261889578,118,0.0337499999999999,24,0,,,5.8333361770761
"Tevin Coleman","RB","ATL",2552453,1993-04-16,0,0,0,0,105,0,32,1,,,3.78388194861086
"Texans","DST","HOU",100013,,8.23333333333333,5.94,8.5,1.72143351115671,7,0.333333333333334,7,46,"10.5","2.5",3.89120237335289
"Thad Lewis","QB","SF",497121,1987-11-19,0,0,0,0,50,0,25,6,,,4.19965985727146
"Theo Riddick","RB","DET",2540020,1991-05-04,14.2175,4.175,14.783,7.17369558409982,16,0.530416666666666,9,3,,,14.1031117270038
"Thomas Rawls","RB","SEA",2553733,1993-08-03,0,0,0,0,105,0,32,1,,,3.78388194861086
"Tim Hightower","RB","NO",4383,1986-05-23,3.14583333333333,1.9885,4.1285,1.17176386510063,64,0.0687500000000001,22,8,"56.3","5.1",5.60769836615143
"Tim Wright","TE","DET",2541768,1990-04-07,0,0,0,,81,0,25,3,,,
"Titans","DST","TEN",100012,,7.45,6.23,8.07,1.62634559672906,11,0.325,9,46,"6.0","3.8",4.15373946804133
"Titus Davis","WR","NYJ",2553874,1993-01-03,0,0,0,,137,0,28,1,,,
"Toby Gerhart","RB","FA",497176,1987-03-28,0,0,0,0,105,0,32,6,,,3.78388194861086
"Todd Gurley","RB","LA",2552475,1994-08-03,0,0,0,0,105,0,32,1,,,3.78388194861086
"Tom Brady","QB","NE",2504211,1977-08-03,22.89375,20.933,24.2495,1.89263209578618,6,0.344375000000003,5,16,"1.8","1.3",3.88959903357924
"Tom Obarski","K","FA",2553576,1993-03-12,0,0,0,,26,0,12,1,,,
"Tom Savage","QB","HOU",2543640,1990-04-26,0.196,0.0516,0.3636,0.20136533961931,44,0.02775,19,2,,,4.42399664219961
"Tommy Bohanon","RB","FA",2540225,1990-09-10,0,0,0,0,105,0,32,3,,,3.78388194861086
"Tommylee Lewis","WR","NO",2556752,1992-10-24,1.61791666666667,0.7005,2.5,0.989113309428646,110,0.0629166666666665,23,0,"105.3","3.5",6.89532176761451
"Tony Moeaki","TE","FA",497256,1987-06-08,0,0,0,0,81,0,25,6,,,3.44540175578131
"Tony Romo","QB","DAL",2505354,1980-04-21,0,0,0,0,50,0,25,13,,,4.19965985727146
"Torrey Smith","WR","SF",2495459,1989-01-26,0,0,0,0,137,0,28,5,,,3.27119706995192
"Travaris Cadet","RB","NO",2535890,1989-02-01,6.52375,4.3605,8.9775,2.6809171316299,44,0.573125,17,4,"52.4","4.6",6.41398909457082
"Travis Benjamin","WR","SD",2532790,1989-12-29,9.99708333333333,9.5015,9.875,0.238352271974814,50,0.679166666666665,12,4,"40.6","5.8",4.26542858200567
"Travis Coons","K","FA",2550551,1992-02-06,0,0,0,0,26,0,12,2,,,2.96111582434564
"Travis Kelce","TE","KC",2540258,1989-10-05,11.8304166666667,9.53166666666667,12.9395,1.93089231675122,6,0.0893749999999986,3,3,"5.4","2.0",6.10151763566465
"Tre Madden","RB","SEA",2556603,1993-08-16,0,0,0,0,105,,32,0,,,3.78388194861086
"Tre Mason","RB","LA",2543502,1993-08-06,0,0,0,0,105,0,32,2,,,3.78388194861086
"Tre McBride","WR","FA",2552428,1992-12-01,0,0,0,0,137,0,28,1,,,3.27119706995192
"Trent Richardson","RB","FA",2533032,1991-07-10,0,0,0,0,105,0,32,4,,,3.78388194861086
"Trevone Boykin","QB","SEA",2556477,1993-08-22,0.2415,0.0498,0.4626,0.268534913931131,36,0.00650000000000001,19,0,,,4.49882881726307
"Trevor Davis","WR","GB",2555413,1993-07-04,0.75,0.557,0.961,0.255489725820824,121,0.035,25,0,"110.2","4.1",3.44595223776065
"Trevor Siemian","QB","DEN",2553457,1991-12-26,21.7841666666667,19.89,25.723,3.47946715269259,12,0.160416666666666,7,1,"21.9","2.6",6.80335205878747
"Trey Burton","TE","PHI",2550284,1991-10-29,2.60583333333333,1.3835,3.5395,1.16302646382426,42,0.0831250000000003,16,2,"39.9","6.4",6.28743735831794
"Trey Williams","RB","FA",2553486,1992-12-11,0,0,0,,105,0,32,1,,,
"Troy Niklas","TE","ARI",2543628,1992-09-18,0,0,0,0,81,0,25,2,,,3.44540175578131
"Troymaine Pope","RB","NYJ",2557531,1993-11-29,0.83,0.361,1.437,0.735883822352414,85,0.12,26,0,,,4.84243735621526
"Ty Montgomery","WR","GB",2552429,1993-01-22,15.92,13.565,18.279,2.77042716321268,14,0.234166666666667,3,1,"16.9","5.1",6.65875130948349
"Tyler Boyd","WR","CIN",2555466,1994-11-15,7.86625,5.901,10.2905,2.55656467093376,63,0.0412500000000007,15,0,"68.5","5.4",8.74535720716434
"Tyler Bray","QB","KC",2540173,1991-12-27,0,0,0,0,50,0,25,3,,,4.19965985727146
"Tyler Clutts","RB","FA",2508096,1984-11-09,0,0,0,0,105,0,32,6,,,3.78388194861086
"Tyler Eifert","TE","CIN",2540148,1990-09-08,10.52875,8.2555,13.445,2.99187336797532,11,0.196666666666665,3,3,"12.0","4.3",10.0422067130864
"Tyler Ervin","RB","HOU",2555234,1993-10-07,1.425,1.022,1.698,0.44419402667453,80,0.2225,25,0,"74.8","5.8",5.5031313374383
"Tyler Gaffney","RB","FA",2543655,1991-04-20,0,0,0,0,105,0,32,2,,,3.78388194861086
"Tyler Higbee","TE","LA",2555364,1993-01-01,0,0,0,0,81,0,25,0,,,3.44540175578131
"Tyler Kroft","TE","CIN",2552586,1992-10-15,4.275,1.134,7.522,3.99909052160613,30,0.0814583333333339,13,1,"44.0","10.7",11.1204936488312
"Tyler Lockett","WR","SEA",2552430,1992-09-28,10.71125,9.041,12.35,1.84983557827896,42,0.204791666666669,10,1,"46.2","6.0",6.16381125537953
"Tyler Murphy","WR","MIA",2553729,1992-01-12,0,0,0,,137,0,28,1,,,
"Tyreek Hill","WR","KC",2556214,1994-03-01,6.82791666666667,4.305,9.69516666666667,3.05004656157538,73,0.5425,16,0,"68.8","5.7",7.2881949266331
"Tyrell Williams","WR","SD",2553913,1992-02-12,12.4091666666667,10.163,15.5706666666667,3.38358496601197,33,0.230624999999998,9,1,"35.6","5.1",7.33200078320693
"Tyrod Taylor","QB","BUF",2495240,1989-08-03,19.8,19.158,20.474,0.745341085231004,22,1.56375,11,5,"17.8","2.7",5.57031140477324
"Vance McDonald","TE","SF",2540215,1990-06-13,0,0,0,0,81,0,25,3,,,3.44540175578131
"Vernon Davis","TE","WAS",2495826,1984-01-31,7.57791666666667,2.4215,12.37,5.371209839402,23,0.623750000000001,10,10,"17.5","6.1",11.0131313364338
"Vick Ballard","RB","FA",2533012,1990-07-16,0,0,0,0,105,0,32,4,,,3.78388194861086
"Victor Cruz","WR","NYG",2507855,1986-11-11,0,0,0,0,137,0,28,6,,,3.27119706995192
"Vikings","DST","MIN",100020,,10.1,6.5,10.5,3.53553390593274,3,1.21666666666667,2,46,"1.2","1.5",10.1770153345292
"Vince Mayle","WR","FA",2552431,1991-06-12,0,0,0,0,137,0,28,1,,,3.27119706995192
"Vincent Brown","WR","FA",2508115,1989-01-25,0,0,0,0,137,0,28,5,,,3.27119706995192
"Vincent Jackson","WR","TB",2506400,1983-01-14,0,0,0,0,137,0,28,11,,,3.27119706995192
"Virgil Green","TE","DEN",2495288,1988-08-03,6.62708333333333,4.73133333333333,7.6205,1.58892018714318,26,1.11916666666667,11,5,"25.8","2.4",5.00733867010309
"Walt Powell","WR","BUF",2543619,1991-11-23,4.27416666666667,2.545,6.83066666666667,2.7016461031502,85,0.162916666666667,19,2,"92.7","7.2",7.67945919758203
"Wendell Smallwood","RB","PHI",2555461,1994-01-26,4.17666666666667,3.0875,5.1805,1.18590565485717,57,0.176041666666666,20,0,"50.7","5.1",5.61786971899633
"Wes Welker","WR","LA",2505790,1981-05-01,0,0,0,0,137,0,28,12,,,3.27119706995192
"Wil Lutz","K","NO",2556601,1994-07-07,4.4,2.48,6.32,3.39411254969543,25,4.4,12,0,,,8.35230306583246
"Will Fuller","WR","HOU",2555346,1994-04-16,15.105,14.514,15.558,0.717652422834342,18,0.427083333333334,6,0,"27.2","5.6",4.66273366760483
"Will Johnson","RB","NYG",163982,1989-11-14,0,0,0,0,105,0,32,5,,,3.78388194861086
"Will Tukuafu","RB","SEA",2527672,1984-01-03,0,0,0,,105,0,32,6,,,
"Will Tye","TE","NYG",2553830,1991-11-04,0,0,0,,81,0,25,1,,,
"Willie Snead","WR","NO",2550256,1992-10-17,12.66625,10.8855,13.32,1.36090273348245,32,0.332500000000001,9,2,"30.9","5.0",7.36803199531495
"Xavier Grimble","TE","PIT",2550521,1992-09-02,0,0,0,0,81,0,25,2,,,3.44540175578131
"Zac Brooks","RB","FA",2556379,1993-02-01,0,0,0,0,105,0,32,0,,,3.78388194861086
"Zac Dysert","QB","FA",2539258,1990-02-08,0,0,0,0,50,0,25,3,,,4.19965985727146
"Zac Stacy","RB","FA",2540273,1991-04-09,0,0,0,,105,0,32,3,,,
"Zach Ertz","TE","PHI",2540158,1990-11-10,9.28625,7.8575,10.064,1.18796306760774,16,0.450208333333334,5,3,"19.3","3.1",5.32777928960398
"Zach Hocker","K","FA",2543781,1991-08-23,0,0,0,0,26,0,12,2,,,2.96111582434564
"Zach Line","RB","MIN",2539303,1990-04-26,0.51,0.112,0.66,0.354365630387598,91,0.125416666666667,29,3,"78.1","4.8",4.88021519459813
"Zach Mettenberger","QB","PIT",2543605,1991-07-16,0,0,0,0,50,0,25,2,,,4.19965985727146
"Zach Miller","TE","CHI",238457,1984-10-04,10.6758333333333,8.082,13.1783333333333,2.76519689875584,10,0.221458333333334,3,7,"16.5","3.3",6.60990357484649
"Zach Sudfeld","TE","FA",2541151,1989-04-18,0,0,0,,81,0,25,3,,,
"Zach Zenner","RB","DET",2553631,1991-09-13,6.7325,3.339,11.4533333333333,4.77013500468938,43,0.4725,17,1,"36.1","6.4",9.03325570948887
